index	captionID	pairID	sentence1_binary_parse	sentence2_binary_parse	sentence1_parse	sentence2_parse	sentence1	sentence2	label1	gold_label
451227	3163273640.jpg#0	3163273640.jpg#0r1e	( ( Five men ) ( ( ( dressed ( in ( white ride ) ) ) ( on ( elephants ( that ( are ( painted ( with ( bright colors ) ) ) ) ) ) ) ) . ) )	( Elephants ( ( are ( large mammals ) ) . ) )	(ROOT (S (NP (CD Five) (NNS men)) (VP (VBD dressed) (PP (IN in) (NP (JJ white) (NN ride))) (PP (IN on) (NP (NP (NNS elephants)) (SBAR (WHNP (WDT that)) (S (VP (VBP are) (VP (VBN painted) (PP (IN with) (NP (JJ bright) (NNS colors)))))))))) (. .)))	(ROOT (S (NP (NNS Elephants)) (VP (VBP are) (NP (JJ large) (NNS mammals))) (. .)))	Five men dressed in white ride on elephants that are painted with bright colors.	Elephants are large mammals.	entailment	entailment
160285	7567712136.jpg#1	7567712136.jpg#1r1e	( ( ( ( ( Two figures ) , ) ( ( ( a male ) and ) ( a female ) ) ) , ) ( ( are ( ( ( blacked out ) and ) ( standing ( in ( front ( of ( ( a building ) ( on fire ) ) ) ) ) ) ) ) . ) )	( ( two people ) ( are ( blacked out ) ) )	(ROOT (S (NP (NP (CD Two) (NNS figures)) (, ,) (NP (NP (DT a) (NN male)) (CC and) (NP (DT a) (NN female))) (, ,)) (VP (VBP are) (VP (VP (VBN blacked) (PRT (RP out))) (CC and) (VP (VBG standing) (PP (IN in) (NP (NP (NN front)) (PP (IN of) (NP (NP (DT a) (NN building)) (PP (IN on) (NP (NN fire)))))))))) (. .)))	(ROOT (S (NP (CD two) (NNS people)) (VP (VBP are) (VP (VBN blacked) (PRT (RP out))))))	Two figures, a male and a female, are blacked out and standing in front of a building on fire.	two people are blacked out	entailment	entailment
168807	4213107150.jpg#0	4213107150.jpg#0r1e	( ( ( A woman ) ( wearing ( a ( Dear ( Santa t-shirt ) ) ) ) ) ( ( is ( ( looking ( at ( a ( Star ( Wars book ) ) ) ) ) ( with ( ( a ( young boy ) ) ( in ( a ( bright ( pink shirt ) ) ) ) ) ) ) ) . ) )	( ( A woman ) ( ( observes ( ( a book ) ( with ( a ( young boy ) ) ) ) ) . ) )	(ROOT (S (NP (NP (DT A) (NN woman)) (VP (VBG wearing) (NP (DT a) (NNP Dear) (NNP Santa) (NN t-shirt)))) (VP (VBZ is) (VP (VBG looking) (PP (IN at) (NP (DT a) (NNP Star) (NNPS Wars) (NN book))) (PP (IN with) (NP (NP (DT a) (JJ young) (NN boy)) (PP (IN in) (NP (DT a) (JJ bright) (JJ pink) (NN shirt))))))) (. .)))	(ROOT (S (NP (DT A) (NN woman)) (VP (VBZ observes) (NP (NP (DT a) (NN book)) (PP (IN with) (NP (DT a) (JJ young) (NN boy))))) (. .)))	A woman wearing a Dear Santa t-shirt is looking at a Star Wars book with a young boy in a bright pink shirt.	A woman observes a book with a young boy.	entailment	entailment
470853	62756536.jpg#4	62756536.jpg#4r1e	( ( People ( ( laughing while ) ( at ( a restaurant ) ) ) ) . )	( ( People ( at ( a restaurant ) ) ) . )	(ROOT (NP (NP (NNS People)) (VP (VBG laughing) (NP (NN while)) (PP (IN at) (NP (DT a) (NN restaurant)))) (. .)))	(ROOT (NP (NP (NNS People)) (PP (IN at) (NP (DT a) (NN restaurant))) (. .)))	People laughing while at a restaurant.	People at a restaurant.	entailment	entailment
210191	4239856300.jpg#0	4239856300.jpg#0r1e	( ( ( ( ( ( ( Four ( young children ) ) ( sit ( on ( the ( ground outside ) ) ) ) ) , ) ( ( some ( on ( ( ( a blanket ) , ) ( ( some ( in ( ( ( the dirt ) , ) two ) ) ) ( have ( their eyes ) ) ) ) ) ) closed ) ) and ) ( one ( ( is only ) ( partially ( visible ( on ( ( the ( left side ) ) ( of ( the picture ) ) ) ) ) ) ) ) ) . )	( ( Some children ) ( ( are outdoors ) . ) )	(ROOT (S (S (NP (CD Four) (JJ young) (NNS children)) (VP (VBP sit) (PP (IN on) (NP (DT the) (NN ground) (NN outside))))) (, ,) (S (NP (NP (DT some)) (PP (IN on) (NP (NP (DT a) (NN blanket)) (, ,) (SBAR (WHNP (NP (DT some)) (PP (IN in) (NP (NP (DT the) (NN dirt)) (, ,) (NP (CD two))))) (S (VP (VBP have) (NP (PRP$ their) (NNS eyes)))))))) (VP (VBD closed))) (CC and) (S (NP (PRP one)) (VP (VBZ is) (ADVP (RB only)) (ADJP (RB partially) (JJ visible) (PP (IN on) (NP (NP (DT the) (JJ left) (NN side)) (PP (IN of) (NP (DT the) (NN picture)))))))) (. .)))	(ROOT (S (NP (DT Some) (NNS children)) (VP (VBP are) (ADVP (RB outdoors))) (. .)))	Four young children sit on the ground outside, some on a blanket, some in the dirt, two have their eyes closed and one is only partially visible on the left side of the picture.	Some children are outdoors.	entailment	entailment
119363	3318927181.jpg#2	3318927181.jpg#2r1e	( ( ( A man ) ( in ( a ( green shirt ) ) ) ) ( ( is ( ( ( holding ( ( a piece ) ( of paper ) ) ) and ) ( ( making ( a gesture ) ) ( with ( his hand ) ) ) ) ) . ) )	( ( The man ) ( ( is ( making ( a gesture ) ) ) . ) )	(ROOT (S (NP (NP (DT A) (NN man)) (PP (IN in) (NP (DT a) (JJ green) (NN shirt)))) (VP (VBZ is) (VP (VP (VBG holding) (NP (NP (DT a) (NN piece)) (PP (IN of) (NP (NN paper))))) (CC and) (VP (VBG making) (NP (DT a) (NN gesture)) (PP (IN with) (NP (PRP$ his) (NN hand)))))) (. .)))	(ROOT (S (NP (DT The) (NN man)) (VP (VBZ is) (VP (VBG making) (NP (DT a) (NN gesture)))) (. .)))	A man in a green shirt is holding a piece of paper and making a gesture with his hand.	The man is making a gesture.	entailment	entailment
9693	4701104270.jpg#0	4701104270.jpg#0r1e	( ( ( A woman ) ( in ( a ( white jacket ) ) ) ) ( ( is ( standing ( next ( to ( ( an ( older ( woman while ) ) ) ( reviewing ( a ( subway map ) ) ) ) ) ) ) ) . ) )	( ( A woman ) ( ( is ( reading ( a ( subway map ) ) ) ) . ) )	(ROOT (S (NP (NP (DT A) (NN woman)) (PP (IN in) (NP (DT a) (JJ white) (NN jacket)))) (VP (VBZ is) (VP (VBG standing) (ADVP (JJ next) (PP (TO to) (NP (NP (DT an) (JJR older) (NN woman) (NN while)) (VP (VBG reviewing) (NP (DT a) (NN subway) (NN map)))))))) (. .)))	(ROOT (S (NP (DT A) (NN woman)) (VP (VBZ is) (VP (VBG reading) (NP (DT a) (NN subway) (NN map)))) (. .)))	A woman in a white jacket is standing next to an older woman while reviewing a subway map.	A woman is reading a subway map.	entailment	entailment
342476	1390184143.jpg#3	1390184143.jpg#3r1e	( ( ( ( A seagull ) ( on ( a ( picnic table ) ) ) ) ( at ( a dock ) ) ) . )	( ( ( A ( seagull lands ) ) ( on ( a ( picnic table ) ) ) ) . )	(ROOT (NP (NP (DT A) (NN seagull)) (PP (IN on) (NP (DT a) (NN picnic) (NN table))) (PP (IN at) (NP (DT a) (NN dock))) (. .)))	(ROOT (NP (NP (DT A) (JJ seagull) (NNS lands)) (PP (IN on) (NP (DT a) (NN picnic) (NN table))) (. .)))	A seagull on a picnic table at a dock.	A seagull lands on a picnic table.	entailment	entailment
403505	4607217117.jpg#4	4607217117.jpg#4r2e	( ( ( Two men ) ( on ( a balcony ) ) ) ( ( ( look ( ( up and ) point ) ) ( at something ) ) . ) )	( There ( ( are ( men ( on ( a balcony ) ) ) ) . ) )	(ROOT (S (NP (NP (CD Two) (NNS men)) (PP (IN on) (NP (DT a) (NN balcony)))) (VP (VBP look) (ADVP (RB up) (CC and) (RB point)) (PP (IN at) (NP (NN something)))) (. .)))	(ROOT (S (NP (EX There)) (VP (VBP are) (NP (NP (NNS men)) (PP (IN on) (NP (DT a) (NN balcony))))) (. .)))	Two men on a balcony look up and point at something.	There are men on a balcony.	entailment	entailment
536893	4194543575.jpg#0	4194543575.jpg#0r2e	( ( In ( the autumn ) ) ( , ( ( two men ) ( ( ( run ( in ( opposite directions ) ) ) ( down ( ( a path ) ( that ( ( ( leads ( ( ( over ( a bridge ) ) and ) ( through ( the woods ) ) ) ) , ) ( while ( ( ( two others ) ( walking ( a dog ) ) ) ( are ( stopped ( on ( the bridge ) ) ) ) ) ) ) ) ) ) ) . ) ) ) )	( ( Two men ) ( ( are ( ( running ( in ( ( different directions ) ( on ( ( a path ) ( in ( ( the woods ) ( near ( two people ) ) ) ) ) ) ) ) ) ( ( walking ( a dog ) ) ( on ( a bridge ) ) ) ) ) . ) )	(ROOT (S (PP (IN In) (NP (DT the) (NN autumn))) (, ,) (NP (CD two) (NNS men)) (VP (VBP run) (PP (IN in) (NP (JJ opposite) (NNS directions))) (PP (IN down) (NP (NP (DT a) (NN path)) (SBAR (WHNP (WDT that)) (S (VP (VBZ leads) (PP (PP (IN over) (NP (DT a) (NN bridge))) (CC and) (PP (IN through) (NP (DT the) (NNS woods)))) (, ,) (SBAR (IN while) (S (NP (NP (CD two) (NNS others)) (VP (VBG walking) (NP (DT a) (NN dog)))) (VP (VBP are) (VP (VBN stopped) (PP (IN on) (NP (DT the) (NN bridge))))))))))))) (. .)))	(ROOT (S (NP (CD Two) (NNS men)) (VP (VBP are) (VP (VBG running) (PP (IN in) (NP (NP (JJ different) (NNS directions)) (PP (IN on) (NP (NP (DT a) (NN path)) (PP (IN in) (NP (NP (DT the) (NNS woods)) (PP (IN near) (NP (CD two) (NNS people))))))))) (S (VP (VBG walking) (NP (DT a) (NN dog)) (PP (IN on) (NP (DT a) (NN bridge))))))) (. .)))	In the autumn, two men run in opposite directions down a path that leads over a bridge and through the woods, while two others walking a dog are stopped on the bridge.	Two men are running in different directions on a path in the woods near two people walking a dog on a bridge.	entailment	entailment
233122	521999036.jpg#3	521999036.jpg#3r1e	( ( A boy ) ( ( ( climbs ( on ( ( a stack ) ( of timber ) ) ) ) ( despite ( ( a sign ) ( prohibiting it ) ) ) ) . ) )	( ( The sign ) ( is ( next ( to ( ( a stack ) ( of timber ) ) ) ) ) )	(ROOT (S (NP (DT A) (NN boy)) (VP (VBZ climbs) (PP (IN on) (NP (NP (DT a) (NN stack)) (PP (IN of) (NP (NN timber))))) (PP (IN despite) (NP (NP (DT a) (NN sign)) (VP (VBG prohibiting) (NP (PRP it)))))) (. .)))	(ROOT (S (NP (DT The) (NN sign)) (VP (VBZ is) (ADJP (JJ next) (PP (TO to) (NP (NP (DT a) (NN stack)) (PP (IN of) (NP (NN timber)))))))))	A boy climbs on a stack of timber despite a sign prohibiting it.	The sign is next to a stack of timber	entailment	entailment
262217	3707738261.jpg#3	3707738261.jpg#3r1e	( ( ( A girl ) ( in ( a ( pink coat ) ) ) ) ( ( throws ( leaves ( in ( the air ) ) ) ) . ) )	( ( A girl ) ( ( throws leaves ) . ) )	(ROOT (S (NP (NP (DT A) (NN girl)) (PP (IN in) (NP (DT a) (JJ pink) (NN coat)))) (VP (VBZ throws) (NP (NP (NNS leaves)) (PP (IN in) (NP (DT the) (NN air))))) (. .)))	(ROOT (S (NP (DT A) (NN girl)) (VP (VBZ throws) (NP (NNS leaves))) (. .)))	A girl in a pink coat throws leaves in the air.	A girl throws leaves.	entailment	entailment
198110	2385547130.jpg#1	2385547130.jpg#1r1e	( ( ( A group ) ( of people ) ) ( ( are ( ( playing tennis ) ( on ( a ( clay ( tennis court ) ) ) ) ) ) . ) )	( ( People ( playing tennis ) ) . )	(ROOT (S (NP (NP (DT A) (NN group)) (PP (IN of) (NP (NNS people)))) (VP (VBP are) (VP (VBG playing) (NP (NN tennis)) (PP (IN on) (NP (DT a) (NN clay) (NN tennis) (NN court))))) (. .)))	(ROOT (NP (NP (NNS People)) (VP (VBG playing) (NP (NN tennis))) (. .)))	A group of people are playing tennis on a clay tennis court.	People playing tennis.	entailment	entailment
383003	1315116409.jpg#3	1315116409.jpg#3r1e	( ( Several people ) ( ( are ( ( riding ( on ( a ( roller coaster ) ) ) ) ( while ( reacting ( to ( going ( through ( ( a loop ) ( in ( various ways ) ) ) ) ) ) ) ) ) ) . ) )	( There ( ( are ( people ( riding ( the ( roller coaster ) ) ) ) ) . ) )	(ROOT (S (NP (JJ Several) (NNS people)) (VP (VBP are) (VP (VBG riding) (PP (IN on) (NP (DT a) (NN roller) (NN coaster))) (PP (IN while) (S (VP (VBG reacting) (PP (TO to) (S (VP (VBG going) (PP (IN through) (NP (NP (DT a) (NN loop)) (PP (IN in) (NP (JJ various) (NNS ways))))))))))))) (. .)))	(ROOT (S (NP (EX There)) (VP (VBP are) (NP (NP (NNS people)) (VP (VBG riding) (NP (DT the) (NN roller) (NN coaster))))) (. .)))	Several people are riding on a roller coaster while reacting to going through a loop in various ways.	There are people riding the roller coaster.	entailment	entailment
65701	3604881301.jpg#0	3604881301.jpg#0r1e	( ( Cheerleaders ( ( clad ( in ( ( red and ) white ) ) ) ( with ( bows ( in ( their hair ) ) ) ) ) ) ( ( ( perform ( a move ) ) ( during competition ) ) . ) )	( Cheerleaders ( ( are performing ) . ) )	(ROOT (S (NP (NP (NNS Cheerleaders)) (VP (VBN clad) (PP (IN in) (ADJP (JJ red) (CC and) (JJ white))) (PP (IN with) (NP (NP (NNS bows)) (PP (IN in) (NP (PRP$ their) (NN hair))))))) (VP (VBP perform) (NP (DT a) (NN move)) (PP (IN during) (NP (NN competition)))) (. .)))	(ROOT (S (NP (NNS Cheerleaders)) (VP (VBP are) (ADJP (VBG performing))) (. .)))	Cheerleaders clad in red and white with bows in their hair perform a move during competition.	Cheerleaders are performing.	entailment	entailment
486795	3549006919.jpg#4	3549006919.jpg#4r1e	( ( A ( mountain climber ) ) ( ( reaches ( ( the top ) ( of ( a cliff ) ) ) ) . ) )	( There ( ( ( is ( a person ) ) outside ) . ) )	(ROOT (S (NP (DT A) (NN mountain) (NN climber)) (VP (VBZ reaches) (NP (NP (DT the) (NN top)) (PP (IN of) (NP (DT a) (NN cliff))))) (. .)))	(ROOT (S (NP (EX There)) (VP (VBZ is) (NP (DT a) (NN person)) (ADVP (RB outside))) (. .)))	A mountain climber reaches the top of a cliff.	There is a person outside.	entailment	entailment
415828	931156700.jpg#3	931156700.jpg#3r1c	( ( ( A group ) ( of people ) ) ( ( are ( preparing ( ( a ( hot ( air balloon ) ) ) ( for flight ) ) ) ) . ) )	( ( ( ( A group ) ( of people ) ) ( preparing ( to ( take ( a swim ) ) ) ) ) . )	(ROOT (S (NP (NP (DT A) (NN group)) (PP (IN of) (NP (NNS people)))) (VP (VBP are) (VP (VBG preparing) (NP (NP (DT a) (JJ hot) (NN air) (NN balloon)) (PP (IN for) (NP (NN flight)))))) (. .)))	(ROOT (NP (NP (NP (DT A) (NN group)) (PP (IN of) (NP (NNS people)))) (VP (VBG preparing) (S (VP (TO to) (VP (VB take) (NP (DT a) (NN swim)))))) (. .)))	A group of people are preparing a hot air balloon for flight.	A group of people preparing to take a swim.	contradiction	contradiction
34378	525887861.jpg#3	525887861.jpg#3r1c	( ( The ( young girl ) ) ( ( is ( standing ( on ( a skateboard ) ) ) ) . ) )	( ( The ( young girl ) ) ( ( ( tripped and ) ( ( hit ( her face ) ) ( on ( a skateboard ) ) ) ) . ) )	(ROOT (S (NP (DT The) (JJ young) (NN girl)) (VP (VBZ is) (VP (VBG standing) (PP (IN on) (NP (DT a) (NN skateboard))))) (. .)))	(ROOT (S (NP (DT The) (JJ young) (NN girl)) (VP (VP (VBD tripped)) (CC and) (VP (VBD hit) (NP (PRP$ her) (NN face)) (PP (IN on) (NP (DT a) (NN skateboard))))) (. .)))	The young girl is standing on a skateboard.	The young girl tripped and hit her face on a skateboard.	contradiction	contradiction
441822	196523254.jpg#1	196523254.jpg#1r1c	( Workers ( ( ( use ( large machinery ) ) ( at ( a ( work site ) ) ) ) . ) )	( Workers ( ( use pillows ) ( at worksite ) ) )	(ROOT (S (NP (NNPS Workers)) (VP (VBP use) (NP (JJ large) (NN machinery)) (PP (IN at) (NP (DT a) (NN work) (NN site)))) (. .)))	(ROOT (S (NP (NNPS Workers)) (VP (VBP use) (NP (NNS pillows)) (PP (IN at) (NP (NN worksite))))))	Workers use large machinery at a work site.	Workers use pillows at worksite	contradiction	contradiction
471400	6336622544.jpg#0	6336622544.jpg#0r1c	( ( A ( hockey player ) ) ( ( ( shoots ice ) ( in ( ( the face ) ( of ( ( a ( opponent while ) ) ( racing ( to ( hit ( the ( hockey puck ) ) ) ) ) ) ) ) ) ) . ) )	( ( A ( figure skater ) ) ( ( does ( a trick ) ) . ) )	(ROOT (S (NP (DT A) (NN hockey) (NN player)) (VP (VBZ shoots) (NP (NN ice)) (PP (IN in) (NP (NP (DT the) (NN face)) (PP (IN of) (NP (NP (DT a) (NN opponent) (NN while)) (VP (VBG racing) (S (VP (TO to) (VP (VB hit) (NP (DT the) (NN hockey) (NN puck))))))))))) (. .)))	(ROOT (S (NP (DT A) (NN figure) (NN skater)) (VP (VBZ does) (NP (DT a) (NN trick))) (. .)))	A hockey player shoots ice in the face of a opponent while racing to hit the hockey puck.	A figure skater does a trick.	contradiction	contradiction
159290	4850342223.jpg#0	4850342223.jpg#0r1c	( ( ( An ( old woman ) ) ( ( ( wearing ( ( ( a ( white ( tank top ) ) ) and ) glasses ) ) ( with ( ( her ( right hand ) ) ( above ( her eyes ) ) ) ) ) ( trying ( to ( ( make out ) ( something ( in ( the distance ) ) ) ) ) ) ) ) . )	( ( A ( old woman ) ) ( ( ( ( closes ( her eyes ) ) ( for ( the ( last time ) ) ) ) ( as ( she ( ( drifts off ) ( to sleep ) ) ) ) ) . ) )	(ROOT (NP (NP (DT An) (JJ old) (NN woman)) (VP (VBG wearing) (NP (NP (DT a) (JJ white) (NN tank) (NN top)) (CC and) (NP (NNS glasses))) (PP (IN with) (NP (NP (PRP$ her) (JJ right) (NN hand)) (PP (IN above) (NP (PRP$ her) (NNS eyes))))) (S (VP (VBG trying) (S (VP (TO to) (VP (VB make) (PRT (RP out)) (NP (NP (NN something)) (PP (IN in) (NP (DT the) (NN distance)))))))))) (. .)))	(ROOT (S (NP (DT A) (JJ old) (NN woman)) (VP (VBZ closes) (NP (PRP$ her) (NNS eyes)) (PP (IN for) (NP (DT the) (JJ last) (NN time))) (SBAR (IN as) (S (NP (PRP she)) (VP (VBZ drifts) (PRT (RP off)) (S (VP (TO to) (VP (VB sleep)))))))) (. .)))	An old woman wearing a white tank top and glasses with her right hand above her eyes trying to make out something in the distance.	A old woman closes her eyes for the last time as she drifts off to sleep.	contradiction	contradiction
188832	747242766.jpg#1	747242766.jpg#1r1c	( ( The dog ) ( ( has ( his ( tongue ( ( ( sticking out ) and ) ( walking ( in ( the grass ) ) ) ) ) ) ) . ) )	( ( The dog ) ( ( has ( ( his teeth ) showing ) ) . ) )	(ROOT (S (NP (DT The) (NN dog)) (VP (VBZ has) (NP (PRP$ his) (NN tongue) (S (VP (VP (VBG sticking) (PRT (RP out))) (CC and) (VP (VBG walking) (PP (IN in) (NP (DT the) (NN grass)))))))) (. .)))	(ROOT (S (NP (DT The) (NN dog)) (VP (VBZ has) (NP (NP (PRP$ his) (NNS teeth)) (VP (VBG showing)))) (. .)))	The dog has his tongue sticking out and walking in the grass.	The dog has his teeth showing.	contradiction	contradiction
171620	4972742834.jpg#0	4972742834.jpg#0r1c	( ( ( ( ( ( An ( Asian man ) ) ( wearing ( ( ( a ( NY ( Yankees hat ) ) ) and ) shorts ) ) ) ( is ( ( standing outside ) ( with ( ( his face ) ( propped ( by ( his hand ) ) ) ) ) ) ) ) and ) ( ( his foot ) ( ( propped up ) ( on ( a ( brick curb ) ) ) ) ) ) . )	( ( The man ) ( ( was ( wearing ( a ( red ( sox cap ) ) ) ) ) . ) )	(ROOT (S (S (NP (NP (DT An) (JJ Asian) (NN man)) (VP (VBG wearing) (NP (NP (DT a) (NNP NY) (NNPS Yankees) (NN hat)) (CC and) (NP (NNS shorts))))) (VP (VBZ is) (VP (VBG standing) (ADVP (RB outside)) (PP (IN with) (NP (NP (PRP$ his) (NN face)) (VP (VBN propped) (PP (IN by) (NP (PRP$ his) (NN hand))))))))) (CC and) (S (NP (PRP$ his) (NN foot)) (VP (VBD propped) (PRT (RP up)) (PP (IN on) (NP (DT a) (NN brick) (NN curb))))) (. .)))	(ROOT (S (NP (DT The) (NN man)) (VP (VBD was) (VP (VBG wearing) (NP (DT a) (JJ red) (NN sox) (NN cap)))) (. .)))	An Asian man wearing a NY Yankees hat and shorts is standing outside with his face propped by his hand and his foot propped up on a brick curb.	The man was wearing a red sox cap.	contradiction	contradiction
261508	7849579912.jpg#4	7849579912.jpg#4r1c	( ( Two people ) ( ( are ( climbing ( a ( big rock ) ) ) ) . ) )	( ( The rock ) ( is ( ( made out ) ( of cheese ) ) ) )	(ROOT (S (NP (CD Two) (NNS people)) (VP (VBP are) (VP (VBG climbing) (NP (DT a) (JJ big) (NN rock)))) (. .)))	(ROOT (S (NP (DT The) (NN rock)) (VP (VBZ is) (VP (VBN made) (PRT (RP out)) (PP (IN of) (NP (NN cheese)))))))	Two people are climbing a big rock.	The rock is made out of cheese	contradiction	contradiction	contradiction	contradiction	contradiction	contradiction
406241	2209888959.jpg#1	2209888959.jpg#1r1c	( ( A ( young girl ) ) ( ( is ( ( ( pouting ( her lips ) ) and ) ( holding ( a ( long-handled tool ) ) ) ) ) . ) )	( ( ( A ( young girl ) ) ( pouting ( with ( nothing ( in ( her hands ) ) ) ) ) ) . )	(ROOT (S (NP (DT A) (JJ young) (NN girl)) (VP (VBZ is) (VP (VP (VBG pouting) (NP (PRP$ her) (NNS lips))) (CC and) (VP (VBG holding) (NP (DT a) (JJ long-handled) (NN tool))))) (. .)))	(ROOT (NP (NP (DT A) (JJ young) (NN girl)) (VP (VBG pouting) (PP (IN with) (NP (NP (NN nothing)) (PP (IN in) (NP (PRP$ her) (NNS hands)))))) (. .)))	A young girl is pouting her lips and holding a long-handled tool.	A young girl pouting with nothing in her hands.	contradiction	contradiction
26323	2706430695.jpg#3	2706430695.jpg#3r5c	( ( Two girls ) ( ( stand ( in ( ( a puddle ) ( on ( a sidewalk ) ) ) ) ) . ) )	( ( Two brothers ) ( ( are ( sitting inside ) ) . ) )	(ROOT (S (NP (CD Two) (NNS girls)) (VP (VBP stand) (PP (IN in) (NP (NP (DT a) (NN puddle)) (PP (IN on) (NP (DT a) (NN sidewalk)))))) (. .)))	(ROOT (S (NP (CD Two) (NNS brothers)) (VP (VBP are) (VP (VBG sitting) (ADVP (RB inside)))) (. .)))	Two girls stand in a puddle on a sidewalk.	Two brothers are sitting inside.	contradiction	contradiction
374478	3744182161.jpg#0	3744182161.jpg#0r3c	( ( ( A person ) ( in ( ( ( ( ( ( ( a ( plain shirt ) ) , ) jeans ) , ) ( a ( hard hat ) ) ) and ) ( yellow gloves ) ) ) ) ( ( ( puts ( some sticks ) ) ( onto ( ( the back ) ( of ( a ( yellow machine ) ) ) ) ) ) . ) )	( ( A person ) ( ( is ( swimming ( at ( the beach ) ) ) ) . ) )	(ROOT (S (NP (NP (DT A) (NN person)) (PP (IN in) (NP (NP (DT a) (JJ plain) (NN shirt)) (, ,) (NP (NNS jeans)) (, ,) (NP (DT a) (JJ hard) (NN hat)) (CC and) (NP (JJ yellow) (NNS gloves))))) (VP (VBZ puts) (NP (DT some) (NNS sticks)) (PP (IN onto) (NP (NP (DT the) (NN back)) (PP (IN of) (NP (DT a) (JJ yellow) (NN machine)))))) (. .)))	(ROOT (S (NP (DT A) (NN person)) (VP (VBZ is) (VP (VBG swimming) (PP (IN at) (NP (DT the) (NN beach))))) (. .)))	A person in a plain shirt, jeans, a hard hat and yellow gloves puts some sticks onto the back of a yellow machine.	A person is swimming at the beach.	contradiction	contradiction
50366	1754775147.jpg#1	1754775147.jpg#1r1c	( ( ( A woman ) ( wearing ( a babushka ) ) ) ( ( is ( ( ( sitting and ) sleeping ) ( inside ( a ( flower shop ) ) ) ) ) . ) )	( ( A women ) ( ( is ( standing ( at ( ( the counter ) ( of ( a ( flower shop ) ) ) ) ) ) ) . ) )	(ROOT (S (NP (NP (DT A) (NN woman)) (VP (VBG wearing) (NP (DT a) (NN babushka)))) (VP (VBZ is) (VP (VBG sitting) (CC and) (VBG sleeping) (PP (IN inside) (NP (DT a) (NN flower) (NN shop))))) (. .)))	(ROOT (S (NP (DT A) (NNS women)) (VP (VBZ is) (VP (VBG standing) (PP (IN at) (NP (NP (DT the) (NN counter)) (PP (IN of) (NP (DT a) (NN flower) (NN shop))))))) (. .)))	A woman wearing a babushka is sitting and sleeping inside a flower shop.	A women is standing at the counter of a flower shop.	contradiction	contradiction
92686	2485467050.jpg#1	2485467050.jpg#1r1c	( ( ( ( Two boys ) and ) ( two girls ) ) ( ( jump ( as ( they ( have ( ( their photo ) taken ) ) ) ) ) . ) )	( ( Four kids ) ( are ( ( laying down ) ( for ( a photo ) ) ) ) )	(ROOT (S (NP (NP (CD Two) (NNS boys)) (CC and) (NP (CD two) (NNS girls))) (VP (VBP jump) (SBAR (IN as) (S (NP (PRP they)) (VP (VBP have) (NP (NP (PRP$ their) (NN photo)) (VP (VBN taken))))))) (. .)))	(ROOT (S (NP (CD Four) (NNS kids)) (VP (VBP are) (VP (VBG laying) (PRT (RP down)) (PP (IN for) (NP (DT a) (NN photo)))))))	Two boys and two girls jump as they have their photo taken.	Four kids are laying down for a photo	contradiction	contradiction
405885	5519359130.jpg#0	5519359130.jpg#0r1c	( ( ( A ( blond child ) ) ( ( ( sliding down ) ( a ( metal ( red slide ) ) ) ) ( into ( a yard ) ) ) ) . )	( ( The child ) ( ( is ( playing ( in ( the sandbox ) ) ) ) . ) )	(ROOT (NP (NP (DT A) (JJ blond) (NN child)) (VP (VBG sliding) (PRT (RP down)) (NP (DT a) (JJ metal) (JJ red) (NN slide)) (PP (IN into) (NP (DT a) (NN yard)))) (. .)))	(ROOT (S (NP (DT The) (NN child)) (VP (VBZ is) (VP (VBG playing) (PP (IN in) (NP (DT the) (NN sandbox))))) (. .)))	A blond child sliding down a metal red slide into a yard.	The child is playing in the sandbox.	contradiction	contradiction	contradiction	contradiction	contradiction	contradiction
433401	3568219100.jpg#3	3568219100.jpg#3r1c	( ( ( A person ) ( learning ( how ( to ( ( rock climb ) ( with ( ( another person ) assisting ) ) ) ) ) ) ) . )	( ( The person ) ( ( is ( sitting ( on ( the stool ) ) ) ) . ) )	(ROOT (NP (NP (DT A) (NN person)) (VP (VBG learning) (SBAR (WHADVP (WRB how)) (S (VP (TO to) (VP (VB rock) (NP (NN climb)) (PP (IN with) (NP (NP (DT another) (NN person)) (VP (VBG assisting))))))))) (. .)))	(ROOT (S (NP (DT The) (NN person)) (VP (VBZ is) (VP (VBG sitting) (PP (IN on) (NP (DT the) (NN stool))))) (. .)))	A person learning how to rock climb with another person assisting.	The person is sitting on the stool.	contradiction	contradiction
178258	6447635819.jpg#3	6447635819.jpg#3r1c	( ( ( ( A man ) ( with ( a ( yellow-green jersey ) ) ) ) ( kicking ( a ( soccer ball ) ) ) ) . )	( ( The man ) ( ( is ( playing football ) ) . ) )	(ROOT (NP (NP (NP (DT A) (NN man)) (PP (IN with) (NP (DT a) (JJ yellow-green) (NN jersey)))) (VP (VBG kicking) (NP (DT a) (NN soccer) (NN ball))) (. .)))	(ROOT (S (NP (DT The) (NN man)) (VP (VBZ is) (VP (VBG playing) (NP (NN football)))) (. .)))	A man with a yellow-green jersey kicking a soccer ball.	The man is playing football.	contradiction	contradiction
416120	4464425799.jpg#3	4464425799.jpg#3r1n	( ( A man ) ( ( is ( pushing ( ( a bicycle ) ( ( powered cart ) ( down ( the ( brick street ) ) ) ) ) ) ) . ) )	( a ( man ( ( pushing ( his cart ) ) ( to work ) ) ) )	(ROOT (S (NP (DT A) (NN man)) (VP (VBZ is) (VP (VBG pushing) (NP (NP (DT a) (NN bicycle)) (VP (VBN powered) (NP (NN cart)) (PP (IN down) (NP (DT the) (NN brick) (NN street))))))) (. .)))	(ROOT (FRAG (NP (DT a) (NN man) (S (VP (VBG pushing) (NP (PRP$ his) (NN cart)) (S (VP (TO to) (VP (VB work)))))))))	A man is pushing a bicycle powered cart down the brick street.	a man pushing his cart to work	neutral	neutral
987	19245206.jpg#0	19245206.jpg#0r5n	( ( ( A man ) ( on ( ( a street ) ( in ( a ( bright t-shirt ) ) ) ) ) ) ( ( ( holds ( ( some sort ) ( of tablet ) ) ) ( towards ( ( a woman ) ( in ( ( ( a ( pink t-shirt ) ) and ) shades ) ) ) ) ) . ) )	( ( A couple ) ( ( are ( using ( a ( tablet ( to ( ( watch ( a video ) ) ( on ( the street ) ) ) ) ) ) ) ) . ) )	(ROOT (S (NP (NP (DT A) (NN man)) (PP (IN on) (NP (NP (DT a) (NN street)) (PP (IN in) (NP (DT a) (JJ bright) (NN t-shirt)))))) (VP (VBZ holds) (NP (NP (DT some) (NN sort)) (PP (IN of) (NP (NN tablet)))) (PP (IN towards) (NP (NP (DT a) (NN woman)) (PP (IN in) (NP (NP (DT a) (JJ pink) (NN t-shirt)) (CC and) (NP (NNS shades))))))) (. .)))	(ROOT (S (NP (DT A) (NN couple)) (VP (VBP are) (VP (VBG using) (NP (DT a) (NN tablet) (S (VP (TO to) (VP (VB watch) (NP (DT a) (NN video)) (PP (IN on) (NP (DT the) (NN street))))))))) (. .)))	A man on a street in a bright t-shirt holds some sort of tablet towards a woman in a pink t-shirt and shades.	A couple are using a tablet to watch a video on the street.	neutral	neutral
187619	13478218.jpg#4	13478218.jpg#4r1n	( ( Young ( child inflates ) ) ( an ( orange balloon ) ) )	( ( A ( young child ) ) ( ( ( inflates ( an ( orange balloon ) ) ) ( with water ) ) . ) )	(ROOT (NP (NP (JJ Young) (NN child) (NNS inflates)) (NP (DT an) (JJ orange) (NN balloon))))	(ROOT (S (NP (DT A) (JJ young) (NN child)) (VP (VBZ inflates) (NP (DT an) (JJ orange) (NN balloon)) (PP (IN with) (NP (NN water)))) (. .)))	Young child inflates an orange balloon	A young child inflates an orange balloon with water.	neutral	neutral
300812	7075953327.jpg#0	7075953327.jpg#0r1n	( ( ( A man ) ( in ( a ( black jersey ) ) ) ) ( ( ( has just ) ( ( head-butted ( a ( soccer ball ) ) ) ( towards ( ( a ( waiting group ) ) ( of players ) ) ) ) ) . ) )	( ( The ball ) ( ( is ( ( black and ) white ) ) . ) )	(ROOT (S (NP (NP (DT A) (NN man)) (PP (IN in) (NP (DT a) (JJ black) (NN jersey)))) (VP (VBZ has) (ADVP (RB just)) (VP (VBN head-butted) (NP (DT a) (NN soccer) (NN ball)) (PP (IN towards) (NP (NP (DT a) (VBG waiting) (NN group)) (PP (IN of) (NP (NNS players))))))) (. .)))	(ROOT (S (NP (DT The) (NN ball)) (VP (VBZ is) (ADJP (JJ black) (CC and) (JJ white))) (. .)))	A man in a black jersey has just head-butted a soccer ball towards a waiting group of players.	The ball is black and white.	neutral	neutral
224874	4872614127.jpg#0	4872614127.jpg#0r1n	( ( ( ( ( An ( African ( American man ) ) ) , ) ( ( painted gold ) ( with ( silver accents ) ) ) ) , ) ( ( ( ( stands ( in ( an ( outdoor ( photo shoot ) ) ) ) ) , ) ( with ( ( a woman ) ( in ( shorts ( taking ( his picture ) ) ) ) ) ) ) . ) )	( ( A man ) ( ( is ( having ( ( his photo ) ( taken ( to ( advertise ( his business ) ) ) ) ) ) ) . ) )	(ROOT (S (NP (NP (DT An) (JJ African) (JJ American) (NN man)) (, ,) (NP (NP (VBN painted) (NN gold)) (PP (IN with) (NP (JJ silver) (NNS accents)))) (, ,)) (VP (VBZ stands) (PP (IN in) (NP (DT an) (JJ outdoor) (NN photo) (NN shoot))) (, ,) (PP (IN with) (NP (NP (DT a) (NN woman)) (PP (IN in) (NP (NP (NNS shorts)) (VP (VBG taking) (NP (PRP$ his) (NN picture)))))))) (. .)))	(ROOT (S (NP (DT A) (NN man)) (VP (VBZ is) (VP (VBG having) (NP (NP (PRP$ his) (NN photo)) (VP (VBN taken) (S (VP (TO to) (VP (VB advertise) (NP (PRP$ his) (NN business))))))))) (. .)))	An African American man, painted gold with silver accents, stands in an outdoor photo shoot, with a woman in shorts taking his picture.	A man is having his photo taken to advertise his business.	neutral	neutral
190930	4582987099.jpg#2	4582987099.jpg#2r1n	( ( ( A ( young child ) ) ( on ( top ( of ( his ( fathers ( shoulders holding ) ) ) ) ) ) ) ( balloons . ) )	( ( ( ( Father and ) son ) ( at ( the ( local faire ) ) ) ) . )	(ROOT (S (NP (NP (DT A) (JJ young) (NN child)) (PP (IN on) (NP (NP (NN top)) (PP (IN of) (NP (PRP$ his) (JJ fathers) (NNS shoulders) (NN holding)))))) (VP (VBZ balloons)) (. .)))	(ROOT (NP (NP (NN Father) (CC and) (NN son)) (PP (IN at) (NP (DT the) (JJ local) (NN faire))) (. .)))	A young child on top of his fathers shoulders holding balloons.	Father and son at the local faire.	neutral	neutral
526313	4644618443.jpg#2	4644618443.jpg#2r1n	( ( ( ( Man and ) woman ) ( sitting ( in front ) ) ) ( of ( building ( on ( cloudy day ) ) ) ) )	( ( the people ) ( are ( waiting ( for ( a bus ) ) ) ) )	(ROOT (NP (NP (NP (NN Man) (CC and) (NN woman)) (VP (VBG sitting) (PP (IN in) (NP (NN front))))) (PP (IN of) (S (VP (VBG building) (PP (IN on) (NP (JJ cloudy) (NN day))))))))	(ROOT (S (NP (DT the) (NNS people)) (VP (VBP are) (VP (VBG waiting) (PP (IN for) (NP (DT a) (NN bus)))))))	Man and woman sitting in front of building on cloudy day	the people are waiting for a bus	neutral	neutral
149761	3897974076.jpg#2	3897974076.jpg#2r1n	( ( Three people ) ( ( are ( ( climbing up ) ( an ( open ( iron staircase ) ) ) ) ) . ) )	( ( THE grass ) ( was green ) )	(ROOT (S (NP (CD Three) (NNS people)) (VP (VBP are) (VP (VBG climbing) (PRT (RP up)) (NP (DT an) (JJ open) (NN iron) (NN staircase)))) (. .)))	(ROOT (S (NP (DT THE) (NN grass)) (VP (VBD was) (ADJP (JJ green)))))	Three people are climbing up an open iron staircase.	THE grass was green	neutral	neutral
180415	4624956100.jpg#0	4624956100.jpg#0r5n	( ( ( The ( young man ) ) ( in ( the ( blue shirt ) ) ) ) ( ( holds ( ( the ladder ) ( for ( ( the man ) ( in ( ( the ( white shirt ) ) ( in ( a ( graffiti-covered alley ) ) ) ) ) ) ) ) ) . ) )	( ( the guy ) ( held ( ( the ladder ) ( steady ( while ( ( his brother ) ( was ( on it ) ) ) ) ) ) ) )	(ROOT (S (NP (NP (DT The) (JJ young) (NN man)) (PP (IN in) (NP (DT the) (JJ blue) (NN shirt)))) (VP (VBZ holds) (NP (NP (DT the) (NN ladder)) (PP (IN for) (NP (NP (DT the) (NN man)) (PP (IN in) (NP (NP (DT the) (JJ white) (NN shirt)) (PP (IN in) (NP (DT a) (JJ graffiti-covered) (NN alley))))))))) (. .)))	(ROOT (S (NP (DT the) (NN guy)) (VP (VBD held) (S (NP (DT the) (NN ladder)) (ADJP (RB steady)) (SBAR (IN while) (S (NP (PRP$ his) (NN brother)) (VP (VBD was) (PP (IN on) (NP (PRP it))))))))))	The young man in the blue shirt holds the ladder for the man in the white shirt in a graffiti-covered alley.	the guy held the ladder steady while his brother was on it	neutral	neutral
346355	5350403659.jpg#0	5350403659.jpg#0r1n	( ( ( A man ) ( in ( ( ( a ( long ( gray gown ) ) ) and ) hat ) ) ) ( ( is ( ( ( ( standing ( with ( his hand ) ) ) ( on ( ( a mule ) ( that ( is ( ( wearing ( ( blankets and ) decorations ) ) ( on ( ( a ( stone street ) ) ( outside ( of ( a building ) ) ) ) ) ) ) ) ) ) ) , ) ( with ( ( a number ) ( of ( ( other people ) ( in ( the background ) ) ) ) ) ) ) ) . ) )	( ( ( ( The man ) and ) ( his mule ) ) ( ( are ( selling ( hand ( ( crafted items ) ( to ( ( the people ) ( in ( the street ) ) ) ) ) ) ) ) . ) )	(ROOT (S (NP (NP (DT A) (NN man)) (PP (IN in) (NP (NP (DT a) (JJ long) (JJ gray) (NN gown)) (CC and) (NP (NN hat))))) (VP (VBZ is) (VP (VBG standing) (PP (IN with) (NP (PRP$ his) (NN hand))) (PP (IN on) (NP (NP (DT a) (NN mule)) (SBAR (WHNP (WDT that)) (S (VP (VBZ is) (VP (VBG wearing) (NP (NNS blankets) (CC and) (NNS decorations)) (PP (IN on) (NP (NP (DT a) (NN stone) (NN street)) (PP (JJ outside) (IN of) (NP (DT a) (NN building))))))))))) (, ,) (PP (IN with) (NP (NP (DT a) (NN number)) (PP (IN of) (NP (NP (JJ other) (NNS people)) (PP (IN in) (NP (DT the) (NN background))))))))) (. .)))	(ROOT (S (NP (NP (DT The) (NN man)) (CC and) (NP (PRP$ his) (NN mule))) (VP (VBP are) (VP (VBG selling) (NP (NP (NN hand)) (VP (VBN crafted) (NP (NNS items)) (PP (TO to) (NP (NP (DT the) (NNS people)) (PP (IN in) (NP (DT the) (NN street))))))))) (. .)))	A man in a long gray gown and hat is standing with his hand on a mule that is wearing blankets and decorations on a stone street outside of a building, with a number of other people in the background.	The man and his mule are selling hand crafted items to the people in the street.	neutral	neutral
477977	16396205.jpg#1	16396205.jpg#1r3n	( ( Three ( young men ) ) ( ( are ( ( ( giving ( the thumbs ) ) ( up sign ) ) ( while ( ( grilling sausages ) ( on ( a ( small barbecue ) ) ) ) ) ) ) . ) )	( ( Three men ) ( ( are ( cooking ( food ( for ( a tailgate ) ) ) ) ) . ) )	(ROOT (S (NP (CD Three) (JJ young) (NNS men)) (VP (VBP are) (VP (VBG giving) (NP (DT the) (NNS thumbs)) (PP (IN up) (NP (NN sign))) (SBAR (IN while) (S (VP (VBG grilling) (NP (NNS sausages)) (PP (IN on) (NP (DT a) (JJ small) (NN barbecue)))))))) (. .)))	(ROOT (S (NP (CD Three) (NNS men)) (VP (VBP are) (VP (VBG cooking) (NP (NP (NN food)) (PP (IN for) (NP (DT a) (NN tailgate)))))) (. .)))	Three young men are giving the thumbs up sign while grilling sausages on a small barbecue.	Three men are cooking food for a tailgate.	neutral	neutral
384230	6005939764.jpg#0	6005939764.jpg#0r4n	( ( ( ( A ( black man ) ) ( with ( ( ( cargo shorts ) and ) ( a ( striped ( orange shirt ) ) ) ) ) ) ( listening ( to ( ( music and ) dancing ) ) ) ) . )	( ( A man ) ( ( is ( dancing ( to ( his ( favorite song ) ) ) ) ) . ) )	(ROOT (NP (NP (NP (DT A) (JJ black) (NN man)) (PP (IN with) (NP (NP (NN cargo) (NNS shorts)) (CC and) (NP (DT a) (JJ striped) (JJ orange) (NN shirt))))) (VP (VBG listening) (PP (TO to) (NP (NN music) (CC and) (NN dancing)))) (. .)))	(ROOT (S (NP (DT A) (NN man)) (VP (VBZ is) (VP (VBG dancing) (PP (TO to) (NP (PRP$ his) (JJ favorite) (NN song))))) (. .)))	A black man with cargo shorts and a striped orange shirt listening to music and dancing.	A man is dancing to his favorite song.	neutral	neutral
279374	4803507125.jpg#0	4803507125.jpg#0r1n	( ( ( A woman ) ( with ( blond-hair ( and ( white sunglasses ) ) ) ) ) ( ( is ( ( wearing ( a ( yellow ( tank top ) ) ) ) ( with ( a ( pink purse ) ) ) ) ) . ) )	( ( A woman ) ( leaves ( her ( work ( to ( ( go ( to ( her car ) ) ) ( after ( ( a ( long day ) ) ( of work ) ) ) ) ) ) ) ) )	(ROOT (S (NP (NP (DT A) (NN woman)) (PP (IN with) (NP (JJ blond-hair) (CC and) (JJ white) (NNS sunglasses)))) (VP (VBZ is) (VP (VBG wearing) (NP (DT a) (JJ yellow) (NN tank) (NN top)) (PP (IN with) (NP (DT a) (JJ pink) (NN purse))))) (. .)))	(ROOT (S (NP (DT A) (NN woman)) (VP (VBZ leaves) (NP (PRP$ her) (NN work) (S (VP (TO to) (VP (VB go) (PP (TO to) (NP (PRP$ her) (NN car))) (PP (IN after) (NP (NP (DT a) (JJ long) (NN day)) (PP (IN of) (NP (NN work))))))))))))	A woman with blond-hair and white sunglasses is wearing a yellow tank top with a pink purse.	A woman leaves her work to go to her car after a long day of work	neutral	neutral
114517	4913169135.jpg#1	4913169135.jpg#1r1n	( ( ( ( Blond girl ) ( in ( all ( black ( wearing sunglasses ) ) ) ) ) ( while ( ( walking next ) ( to ( a wall ) ) ) ) ) . )	( ( A girl ) ( ( walks ( to ( a funeral ) ) ) . ) )	(ROOT (NP (NP (VBN Blond) (NN girl)) (PP (IN in) (NP (DT all) (JJ black) (CD wearing) (NNS sunglasses))) (PP (IN while) (S (VP (VBG walking) (ADVP (JJ next)) (PP (TO to) (NP (DT a) (NN wall)))))) (. .)))	(ROOT (S (NP (DT A) (NN girl)) (VP (VBZ walks) (PP (TO to) (NP (DT a) (NN funeral)))) (. .)))	Blond girl in all black wearing sunglasses while walking next to a wall.	A girl walks to a funeral.	neutral	neutral
133820	2916920568.jpg#1	2916920568.jpg#1r1n	( ( ( A group ) ( of people ) ) ( ( are ( ( picking up ) ( trash ( on ( a beach ) ) ) ) ) . ) )	( ( ( Tall people ) ( on ( a beach ) ) ) . )	(ROOT (S (NP (NP (DT A) (NN group)) (PP (IN of) (NP (NNS people)))) (VP (VBP are) (VP (VBG picking) (PRT (RP up)) (NP (NP (NN trash)) (PP (IN on) (NP (DT a) (NN beach)))))) (. .)))	(ROOT (NP (NP (JJ Tall) (NNS people)) (PP (IN on) (NP (DT a) (NN beach))) (. .)))	A group of people are picking up trash on a beach.	Tall people on a beach.	neutral	neutral
362037	2960756662.jpg#2	2960756662.jpg#2r1n	( ( ( Asian man ) ( walking ( in ( ( a ( muddy stream ) ) ( pushing ( a ( wooden tool ) ) ) ) ) ) ) . )	( ( A man ) ( ( is ( getting ( ( his rice ) ( ready ( to plant ) ) ) ) ) . ) )	(ROOT (NP (NP (JJ Asian) (NN man)) (VP (VBG walking) (PP (IN in) (NP (NP (DT a) (JJ muddy) (NN stream)) (VP (VBG pushing) (NP (DT a) (JJ wooden) (NN tool)))))) (. .)))	(ROOT (S (NP (DT A) (NN man)) (VP (VBZ is) (VP (VBG getting) (S (NP (PRP$ his) (NN rice)) (ADJP (JJ ready) (PP (TO to) (NP (NN plant))))))) (. .)))	Asian man walking in a muddy stream pushing a wooden tool.	A man is getting his rice ready to plant.	neutral	neutral
