index	promptID	pairID	genre	sentence1_binary_parse	sentence2_binary_parse	sentence1_parse	sentence2_parse	sentence1	sentence2	label1	gold_label
36165	135804	135804e	slate	( That ( ( ( would n't ) ( ( be true ) today ) ) . ) )	( Today ( that ( ( ( would not ) ( be true ) ) . ) ) )	(ROOT (S (NP (DT That)) (VP (MD would) (RB n't) (VP (VB be) (ADJP (JJ true)) (NP (NN today)))) (. .)))	(ROOT (S (NP (NN Today)) (NP (DT that)) (VP (MD would) (RB not) (VP (VB be) (ADJP (JJ true)))) (. .)))	That wouldn't be true today.	Today that would not be true. 	entailment	entailment
106855	34068	34068e	fiction	( ( I ( think ( you ( 've ( given ( him ( too much ) ) ) ) ) ) ) ( , ( ( Tommy , ) ( ( ( said Tuppence ) innocently ) . ) ) ) )	( Tuppence ( sheepishly ( ( suggested ( that ( Tommy ( had ( ( handed over ) ( too much ) ) ) ) ) ) . ) ) )	(ROOT (S (S (NP (PRP I)) (VP (VBP think) (SBAR (S (NP (PRP you)) (VP (VBP 've) (VP (VBN given) (S (NP (PRP him)) (ADJP (RB too) (JJ much))))))))) (, ,) (NP (NNP Tommy) (, ,)) (VP (VBD said) (NP (NNP Tuppence)) (ADVP (RB innocently))) (. .)))	(ROOT (S (NP (NNP Tuppence)) (ADVP (RB sheepishly)) (VP (VBD suggested) (SBAR (IN that) (S (NP (NNP Tommy)) (VP (VBD had) (VP (VBN handed) (PRT (RP over)) (ADVP (RB too) (RB much))))))) (. .)))	I think you've given him too much, Tommy, said Tuppence innocently.	Tuppence sheepishly suggested that Tommy had handed over too much.	entailment	entailment
120194	37392	37392e	fiction	( Surely ( ( all this ) ( ( can ( be overcome ) ) . ) ) )	( We ( ( can ( ( get over ) ( this problem ) ) ) . ) )	(ROOT (S (ADVP (RB Surely)) (NP (PDT all) (DT this)) (VP (MD can) (VP (VB be) (VP (VBN overcome)))) (. .)))	(ROOT (S (NP (PRP We)) (VP (MD can) (VP (VB get) (PRT (RP over)) (NP (DT this) (NN problem)))) (. .)))	Surely all this can be overcome.	We can get over this problem.	entailment	entailment
213437	98446	98446e	slate	( But ( ( aside ( from ( ( primitive prescriptions ) ( such ( as ( ( ( cut prices ) and ) ( nationalize ( the banks ) ) ) ) ) ) ) ) ( , ( ( the opposition ) ( ( has ( no ( coherent ( economic program ) ) ) ) . ) ) ) ) )	( ( The opposition ) ( ( ( does n't ) ( have ( ideas ( to ( improve ( the economy ) ) ) ) ) ) . ) )	(ROOT (S (CC But) (ADVP (RB aside) (PP (IN from) (NP (NP (JJ primitive) (NNS prescriptions)) (PP (JJ such) (IN as) (NP (VP (VP (VB cut) (NP (NNS prices))) (CC and) (VP (VB nationalize) (NP (DT the) (NNS banks))))))))) (, ,) (NP (DT the) (NN opposition)) (VP (VBZ has) (NP (DT no) (JJ coherent) (JJ economic) (NN program))) (. .)))	(ROOT (S (NP (DT The) (NN opposition)) (VP (VBZ does) (RB n't) (VP (VB have) (S (NP (NNS ideas)) (VP (TO to) (VP (VB improve) (NP (DT the) (NN economy))))))) (. .)))	But aside from primitive prescriptions such as cut prices and nationalize the banks, the opposition has no coherent economic program.	The opposition doesn't have ideas to improve the economy.	entailment	entailment
149051	131881	131881e	government	( ( These organizations ) ( ( recognize ( that ( stakeholders ( will ( have ( a ( lot ( to ( say ( in ( determining ( whether ( ( their programs ) ( ( succeed or ) fail ) ) ) ) ) ) ) ) ) ) ) ) ) ) . ) )	( ( These organizations ) ( ( have ( stakeholders ( that ( have ( ( a lot ) ( of say ) ) ) ) ) ) . ) )	(ROOT (S (NP (DT These) (NNS organizations)) (VP (VBP recognize) (SBAR (IN that) (S (NP (NNS stakeholders)) (VP (MD will) (VP (VB have) (NP (DT a) (NN lot) (S (VP (TO to) (VP (VB say) (PP (IN in) (S (VP (VBG determining) (SBAR (IN whether) (S (NP (PRP$ their) (NNS programs)) (VP (VBP succeed) (CC or) (VBP fail)))))))))))))))) (. .)))	(ROOT (S (NP (DT These) (NNS organizations)) (VP (VBP have) (NP (NP (NNS stakeholders)) (SBAR (WHNP (WDT that)) (S (VP (VBP have) (NP (NP (DT a) (NN lot)) (PP (IN of) (NP (NN say))))))))) (. .)))	These organizations recognize that stakeholders will have a lot to say in determining whether their programs succeed or fail.	These organizations have stakeholders that have a lot of say.	entailment	entailment
267140	48673	48673e	fiction	( ( For ( a ( split second ) ) ) ( , ( ( his mind ) ( ( ( screamed ( in panic ) ) ( as ( he ( realized ( he ( ( ( could not ) even ) ( pronounce ( the ( needed words ) ) ) ) ) ) ) ) ) . ) ) ) )	( He ( ( ( panicked ( for ( a moment ) ) ) ( when ( he ( realized ( he ( ( could n't ) ( say ( the words ) ) ) ) ) ) ) ) . ) )	(ROOT (S (PP (IN For) (NP (DT a) (NN split) (NN second))) (, ,) (NP (PRP$ his) (NN mind)) (VP (VBD screamed) (PP (IN in) (NP (NN panic))) (SBAR (IN as) (S (NP (PRP he)) (VP (VBD realized) (SBAR (S (NP (PRP he)) (VP (MD could) (RB not) (ADVP (RB even)) (VP (VB pronounce) (NP (DT the) (VBN needed) (NNS words)))))))))) (. .)))	(ROOT (S (NP (PRP He)) (VP (VBD panicked) (PP (IN for) (NP (DT a) (NN moment))) (SBAR (WHADVP (WRB when)) (S (NP (PRP he)) (VP (VBD realized) (SBAR (S (NP (PRP he)) (VP (MD could) (RB n't) (VP (VB say) (NP (DT the) (NNS words)))))))))) (. .)))	For a split second, his mind screamed in panic as he realized he could not even pronounce the needed words.	He panicked for a moment when he realized he couldn't say the words.	entailment	entailment
5505	130808	130808e	government	( ( ( ( All ( these ( changes-to ( multiple observers ) ) ) ) , ) ( ( ( ( ( ( ( professionally supervised ) but ) ( not professionally ) ) ( trained observers ) ) , ) and ) ( ( shorter observation ) ( times-led ( to others ) ) ) ) ) . )	( ( The ( professionally supervised ) ) ( ( have ( been ( ( lacking ( professional training ) ) ( in observing ) ) ) ) . ) )	(ROOT (NP (NP (PDT All) (DT these) (JJ changes-to) (JJ multiple) (NNS observers)) (, ,) (NP (NP (ADJP (ADJP (ADVP (RB professionally)) (JJ supervised)) (CC but) (ADJP (RB not) (JJ professionally))) (VBN trained) (NNS observers)) (, ,) (CC and) (NP (NP (JJR shorter) (NN observation)) (VP (VBN times-led) (PP (TO to) (NP (NNS others)))))) (. .)))	(ROOT (S (NP (DT The) (NNP professionally) (NNP supervised)) (VP (VBP have) (VP (VBN been) (VP (VBG lacking) (NP (JJ professional) (NN training)) (PP (IN in) (S (VP (VBG observing))))))) (. .)))	All these changes-to multiple observers, professionally supervised but not professionally trained observers, and shorter observation times-led to others.	The professionally supervised have been lacking professional training in observing.	entailment	entailment
222156	48205	48205e	fiction	( ( By ( ( a ( frantic effort ) ) ( of ( the ( great wings ) ) ) ) ) ( , ( it ( ( missed ( the ( hurtling chunk ) ) ) . ) ) ) )	( It ( ( missed ( the ( hurtling chunk ) ) ) . ) )	(ROOT (S (PP (IN By) (NP (NP (DT a) (JJ frantic) (NN effort)) (PP (IN of) (NP (DT the) (JJ great) (NNS wings))))) (, ,) (NP (PRP it)) (VP (VBD missed) (NP (DT the) (JJ hurtling) (NN chunk))) (. .)))	(ROOT (S (NP (PRP It)) (VP (VBD missed) (NP (DT the) (JJ hurtling) (NN chunk))) (. .)))	By a frantic effort of the great wings, it missed the hurtling chunk.	It missed the hurtling chunk.	entailment	entailment
88504	144279	144279e	travel	( ( ( The avenue ) ( of ( the ( ram-headed sphinxes ) ) ) ) ( ( ( flanks ( ( the route ) ( from ( the Nile ) ) ) ) ( to ( the ( temple entrance ) ) ) ) . ) )	( ( ( The route ) ( from ( ( the Nile ) ( to ( the temple ) ) ) ) ) ( ( is ( lined ( with ( ram-headed sphinxes ) ) ) ) . ) )	(ROOT (S (NP (NP (DT The) (NN avenue)) (PP (IN of) (NP (DT the) (JJ ram-headed) (NNS sphinxes)))) (VP (VBZ flanks) (NP (NP (DT the) (NN route)) (PP (IN from) (NP (DT the) (NNP Nile)))) (PP (TO to) (NP (DT the) (NN temple) (NN entrance)))) (. .)))	(ROOT (S (NP (NP (DT The) (NN route)) (PP (IN from) (NP (NP (DT the) (NNP Nile)) (PP (TO to) (NP (DT the) (NN temple)))))) (VP (VBZ is) (VP (VBN lined) (PP (IN with) (NP (JJ ram-headed) (NNS sphinxes))))) (. .)))	The avenue of the ram-headed sphinxes flanks the route from the Nile to the temple entrance.	The route from the Nile to the temple is lined with ram-headed sphinxes.	entailment	entailment
314433	5478	5478e	fiction	( ( ( ( ( ( Did ( ( ( you ( ever ( hear ( such ( a name ) ) ) ) ) ? ) '' ) ) ( But ( ( at ( that moment ) ) ( ( two ( elderly ladies ) ) ( ( rose and ) ( collected parcels ) ) ) ) ) ) , ) and ) ( ( Tuppence deftly ) ( ( ensconced herself ) ( in ( one ( of ( the ( vacant seats ) ) ) ) ) ) ) ) . )	( Tuppence ( ( took ( one ( of ( ( the seats ) ( vacated ( by ( the ( elderly ladies ) ) ) ) ) ) ) ) . ) )	(ROOT (S (S (ADJP (JJ Did) (SBAR (S (NP (PRP you)) (ADVP (RB ever)) (VP (VBP hear) (NP (PDT such) (DT a) (NN name)))) (. ?) ('' '')))) (S (CC But) (ADVP (IN at) (NP (DT that) (NN moment))) (NP (CD two) (JJ elderly) (NNS ladies)) (VP (VP (VBD rose)) (CC and) (VP (VBD collected) (NP (NNS parcels))))) (, ,) (CC and) (S (NP (NNP Tuppence) (NNP deftly)) (VP (VBN ensconced) (NP (PRP herself)) (PP (IN in) (NP (NP (CD one)) (PP (IN of) (NP (DT the) (JJ vacant) (NNS seats))))))) (. .)))	(ROOT (S (NP (NNP Tuppence)) (VP (VBD took) (NP (NP (CD one)) (PP (IN of) (NP (NP (DT the) (NNS seats)) (VP (VBN vacated) (PP (IN by) (NP (DT the) (JJ elderly) (NNS ladies)))))))) (. .)))	Did you ever hear such a name?" But at that moment two elderly ladies rose and collected parcels, and Tuppence deftly ensconced herself in one of the vacant seats.	Tuppence took one of the seats vacated by the elderly ladies.	entailment	entailment
90993	78240	78240e	government	( ( ( Domestic ( violence survivors ) ) ( in ( Jackson ( , ( Vicksburg ( , ( Hattiesburg ( , ( ( Oxford and ) Pascagoula ) ) ) ) ) ) ) ) ) ( ( ( can all ) ( get help ) ) . ) )	( Jackson ( , ( Vocksbery ( , ( ( Hattiesburg ( , ( ( Oxford and ) Pascagoula ) ) ) ( are ( domestic ( violence survivors ) ) ) ) ) ) ) )	(ROOT (S (NP (NP (JJ Domestic) (NN violence) (NNS survivors)) (PP (IN in) (NP (NNP Jackson) (, ,) (NNP Vicksburg) (, ,) (NNP Hattiesburg) (, ,) (NNP Oxford) (CC and) (NNP Pascagoula)))) (VP (MD can) (RB all) (VP (VB get) (NP (NN help)))) (. .)))	(ROOT (S (NP (NNP Jackson)) (, ,) (ADVP (RB Vocksbery)) (, ,) (NP (NNP Hattiesburg) (, ,) (NNP Oxford) (CC and) (NNP Pascagoula)) (VP (VBP are) (NP (JJ domestic) (NN violence) (NNS survivors)))))	Domestic violence survivors in Jackson, Vicksburg, Hattiesburg, Oxford and Pascagoula can all get help.	Jackson, Vocksbery, Hattiesburg, Oxford and Pascagoula are domestic violence survivors 	entailment	entailment
9693	62554	62554e	telephone	( and ( ( ( uh ( we ( ( had ( ( a couple ) ( of lakes ) ) ) ( out ( there ( that ( we ( 'd ( ( go and ) ( and ( ( ( ( go fishing ) and ) then ) ( camp out ) ) ) ) ) ) ) ) ) ) ) ) and ) ( uh ( ( seemed ( like it ) ) ( ( always ( ( rain or ) something ) ) ( you ( know ( ( ( something ( had ( to ( go wrong ) ) ) ) and ) ( uh ( we ( ( were never ) ( prepared ( for it ) ) ) ) ) ) ) ) ) ) ) ) )	( There ( ( 's ( ( a ( couple lakes ) ) ( we ( 'd ( go ( fishing ( at ( but ( ( when ( we ( 'd ( camp something ) ) ) ) ( ( would always ) ( go wrong ) ) ) ) ) ) ) ) ) ) ) . ) )	(ROOT (PRN (CC and) (S (S (INTJ (UH uh)) (NP (PRP we)) (VP (VBD had) (NP (NP (DT a) (NN couple)) (PP (IN of) (NP (NNS lakes)))) (PP (IN out) (NP (NP (RB there)) (SBAR (IN that) (S (NP (PRP we)) (VP (MD 'd) (VP (VP (VB go)) (CC and) (VP (CC and) (VP (VB go) (NP (NN fishing))) (CC and) (ADVP (RB then)) (VP (VB camp) (PRT (RP out)))))))))))) (CC and) (S (NP (NNP uh)) (VP (VBD seemed) (PP (IN like) (NP (PRP it))) (NP (NP (RB always) (NN rain) (CC or) (NN something)) (SBAR (S (NP (PRP you)) (VP (VBP know) (SBAR (S (S (NP (NN something)) (VP (VBD had) (S (VP (TO to) (VP (VB go) (ADJP (JJ wrong))))))) (CC and) (S (INTJ (UH uh)) (NP (PRP we)) (VP (VBD were) (ADVP (RB never)) (VP (VBN prepared) (PP (IN for) (NP (PRP it)))))))))))))))))	(ROOT (S (NP (EX There)) (VP (VBZ 's) (NP (NP (DT a) (NN couple) (NNS lakes)) (SBAR (S (NP (PRP we)) (VP (MD 'd) (VP (VB go) (PP (NN fishing) (PP (IN at) (SBAR (CC but) (S (SBAR (WHADVP (WRB when)) (S (NP (PRP we)) (VP (VBD 'd) (NP (NN camp) (NN something))))) (VP (MD would) (ADVP (RB always)) (VP (VB go) (ADJP (JJ wrong)))))))))))))) (. .)))	and uh we had a couple of lakes out there that we'd go and and go fishing and then camp out and uh seemed like it always rain or something you know something had to go wrong and uh we were never prepared for it	There's a couple lakes we'd go fishing at but when we'd camp something would always go wrong.	entailment	entailment
287525	27743	27743e	slate	( ( Last summer ) ( ( ( ( ( the unit ) , ) ( which ( watches ( for ( signs ( of ( a ( military coup ) ) ) ) ) ) ) ) , ) ( ( executed ( ( 120 soldiers ) ( suspected ( of ( planning ( a rebellion ) ) ) ) ) ) . ) ) )	( ( Soldiers ( who ( were ( suspected ( of ( arranging ( a rebellion ) ) ) ) ) ) ) ( , ( ( ( ended up ) ( being executed ) ) . ) ) )	(ROOT (S (NP (JJ Last) (NN summer)) (NP (NP (DT the) (NN unit)) (, ,) (SBAR (WHNP (WDT which)) (S (VP (VBZ watches) (PP (IN for) (NP (NP (NNS signs)) (PP (IN of) (NP (DT a) (JJ military) (NN coup)))))))) (, ,)) (VP (VBD executed) (NP (NP (CD 120) (NNS soldiers)) (VP (VBN suspected) (PP (IN of) (S (VP (VBG planning) (NP (DT a) (NN rebellion)))))))) (. .)))	(ROOT (S (NP (NP (NNS Soldiers)) (SBAR (WHNP (WP who)) (S (VP (VBD were) (VP (VBN suspected) (PP (IN of) (S (VP (VBG arranging) (NP (DT a) (NN rebellion)))))))))) (, ,) (VP (VBD ended) (PRT (RP up)) (S (VP (VBG being) (VP (VBN executed))))) (. .)))	Last summer the unit, which watches for signs of a military coup, executed 120 soldiers suspected of planning a rebellion.	Soldiers who were suspected of arranging a rebellion, ended up being executed.	entailment	entailment
99789	18234	18234e	fiction	( ( Poor Emily ) ( ( ( was never ) ( murdered ( until ( he ( came along ) ) ) ) ) . ) )	( She ( ( was ( killed ( after ( he ( showed up ) ) ) ) ) . ) )	(ROOT (S (NP (NNP Poor) (NNP Emily)) (VP (VBD was) (ADVP (RB never)) (VP (VBN murdered) (SBAR (IN until) (S (NP (PRP he)) (VP (VBD came) (PRT (RP along))))))) (. .)))	(ROOT (S (NP (PRP She)) (VP (VBD was) (VP (VBN killed) (SBAR (IN after) (S (NP (PRP he)) (VP (VBD showed) (PRT (RP up))))))) (. .)))	Poor Emily was never murdered until he came along. 	She was killed after he showed up.	entailment	entailment
212003	6952	6952e	telephone	( i ( was ( i ( was ( just ( uh ( ( oh well ) ( let ( 's ( see ( i ( guess ( we ( 've ( ( talked what ) ( almost ( five minutes ) ) ) ) ) ) ) ) ) ) ) ) ) ) ) ) )	( We ( ( 've ( talked ( for ( almost ( five minutes ) ) ) ) ) . ) )	(ROOT (S (NP (FW i)) (VP (VBD was) (NP (NP (FW i)) (SBAR (S (VP (VBD was) (VP (ADVP (RB just)) (VBG uh) (S (INTJ (UH oh) (UH well)) (VP (VB let) (SBAR (S (NP (PRP 's)) (VP (VBP see) (SBAR (S (NP (FW i)) (VP (VBP guess) (SBAR (S (NP (PRP we)) (VP (VBP 've) (VP (VBN talked) (NP (WP what)) (ADVP (RB almost) (NP (CD five) (NNS minutes)))))))))))))))))))))))	(ROOT (S (NP (PRP We)) (VP (VBP 've) (VP (VBN talked) (PP (IN for) (NP (RB almost) (CD five) (NNS minutes))))) (. .)))	i was i was just uh oh well let's see i guess we've talked what almost five minutes	We've talked for almost five minutes.	entailment	entailment
51402	69240	69240e	travel	( ( Around ( ( the time ) ( of ( the transition ) ) ) ) ( there ( ( was ( ( much speculation ) ( about ( how ( things ( would change ) ) ) ) ) ) . ) ) )	( People ( ( wondered ( what ( would ( change ( during ( the transition ) ) ) ) ) ) . ) )	(ROOT (S (PP (IN Around) (NP (NP (DT the) (NN time)) (PP (IN of) (NP (DT the) (NN transition))))) (NP (EX there)) (VP (VBD was) (NP (NP (JJ much) (NN speculation)) (PP (IN about) (SBAR (WHADVP (WRB how)) (S (NP (NNS things)) (VP (MD would) (VP (VB change)))))))) (. .)))	(ROOT (S (NP (NNS People)) (VP (VBD wondered) (SBAR (WHNP (WP what)) (S (VP (MD would) (VP (VB change) (PP (IN during) (NP (DT the) (NN transition)))))))) (. .)))	Around the time of the transition there was much speculation about how things would change.	People wondered what would change during the transition.	entailment	entailment
165948	110344	110344c	government	( ( ( Current Issues ) ( ( in ( ( Economics and ) Finance ) ) ( , ( ( ( Vol . ) 6 ) , ) ) ) ) ( No . ) )	( There ( ( are ( ( no issues ) ( ( the organization ) ( needs ( to ( deal ( with ( in ( ( economics and ) finance ) ) ) ) ) ) ) ) ) . ) )	(ROOT (S (NP (NP (JJ Current) (NNS Issues)) (PP (PP (IN in) (NP (NNP Economics) (CC and) (NNP Finance))) (PRN (, ,) (NP (NNP Vol) (. .)) (NP (CD 6)) (, ,)))) (VP (VBZ No)) (. .)))	(ROOT (S (NP (EX There)) (VP (VBP are) (NP (NP (DT no) (NNS issues)) (SBAR (S (NP (DT the) (NN organization)) (VP (VBZ needs) (S (VP (TO to) (VP (VB deal) (PP (IN with) (PP (IN in) (NP (NNS economics) (CC and) (NN finance)))))))))))) (. .)))	Current Issues in Economics and Finance, Vol. 6, No.	There are no issues the organization needs to deal with in economics and finance.	contradiction	contradiction
389285	801	801c	fiction	( ( I ( do n't ) ) ( , ( ( said Jon ) . ) ) )	( Jon ( ( said ( he ( certainly ( did ( love ( the girl ) ) ) ) ) ) . ) )	(ROOT (SINV (S (NP (PRP I)) (VP (VBP do) (RB n't))) (, ,) (VP (VBD said)) (NP (NNP Jon)) (. .)))	(ROOT (S (NP (NNP Jon)) (VP (VBD said) (SBAR (S (NP (PRP he)) (ADVP (RB certainly)) (VP (VBD did) (VP (VB love) (NP (DT the) (NN girl))))))) (. .)))	I don't, said Jon.	Jon said he certainly did love the girl.	contradiction	contradiction
232708	63640	63640c	telephone	( and ( you ( uh ( ( put ( about ( ( two tablespoons ) ( of ( uh water ) ) ) ) ) ( into ( ( ( this bowl ) and ) ( ( ( about ( an eighth ) ) ( a teaspoon ) ) ( of salt ) ) ) ) ) ) ) )	( You ( ( ( do n't ) ( need ( ( water or ) salt ) ) ) . ) )	(ROOT (FRAG (CC and) (NP (NP (PRP you)) (SBAR (S (NP (NNP uh)) (VP (VBD put) (PP (IN about) (NP (NP (CD two) (NNS tablespoons)) (PP (IN of) (NP (JJ uh) (NN water))))) (PP (IN into) (NP (NP (DT this) (NN bowl)) (CC and) (NP (NP (QP (RB about) (DT an) (JJ eighth)) (DT a) (NN teaspoon)) (PP (IN of) (NP (NN salt))))))))))))	(ROOT (S (NP (PRP You)) (VP (VBP do) (RB n't) (VP (VB need) (NP (NN water) (CC or) (NN salt)))) (. .)))	and you uh put about two tablespoons of uh water into this bowl and about an eighth a teaspoon of salt	You don't need water or salt. 	contradiction	contradiction
193624	91075	91075c	telephone	( ( ( exactly uh ) and ) ( at ( ( the ( same time ) ) ( i ( think ( that ( i ( ( receive ( on ( on ( ( the order ) ( of ( ( ( uh ( ( probably ( ( seven or ) eight ) ) ( a week ) ) ) calls ) ( of ( the nature ) ) ) ) ) ) ) ) ( where ( one ( wishes ( that ( there ( were ( a ( convenient ( way ( to ( just ( ( hang up ) ( on it ) ) ) ) ) ) ) ) ) ) ) ) ) ) ) ) ) ) ) ) )	( I ( ( ( do n't ) ( get calls ) ) . ) )	(ROOT (UCP (ADJP (RB exactly) (JJ uh)) (CC and) (PP (IN at) (NP (NP (DT the) (JJ same) (NN time)) (SBAR (S (NP (FW i)) (VP (VBP think) (SBAR (IN that) (S (NP (FW i)) (VP (VBP receive) (PP (IN on) (IN on) (NP (NP (DT the) (NN order)) (PP (IN of) (NP (NP (ADJP (JJ uh) (NP (NP (RB probably) (CD seven) (CC or) (CD eight)) (NP (DT a) (NN week)))) (NNS calls)) (PP (IN of) (NP (DT the) (NN nature))))))) (SBAR (WHADVP (WRB where)) (S (NP (PRP one)) (VP (VBZ wishes) (SBAR (IN that) (S (NP (EX there)) (VP (VBD were) (NP (DT a) (JJ convenient) (NN way) (S (VP (TO to) (VP (ADVP (RB just)) (VB hang) (PRT (RP up)) (PP (IN on) (NP (PRP it)))))))))))))))))))))))	(ROOT (S (NP (PRP I)) (VP (VBP do) (RB n't) (VP (VB get) (NP (NNS calls)))) (. .)))	exactly uh and at the same time i think that i receive on on the order of uh probably seven or eight a week calls of the nature where one wishes that there were a convenient way to just hang up on it	I don't get calls.	contradiction	contradiction
166613	31	31c	government	( ( ( 26 g ) ( for ( fathead minnows ) ) ) . )	( ( Fathead ( minnows cost ) ) ( 16 g. ) )	(ROOT (NP (NP (CD 26) (NN g)) (PP (IN for) (NP (JJ fathead) (NNS minnows))) (. .)))	(ROOT (SINV (VP (VBN Fathead)) (VP (VBZ minnows) (NP (NN cost))) (NP (CD 16) (NN g.))))	26 g for fathead minnows.	Fathead minnows cost 16 g.	contradiction	contradiction
353104	91185	91185c	government	( ( Other patients ) ( ( may ( require ( more ( extended treatment ) ) ) ) . ) )	( ( No patients ) ( ( ( require ( additional treatment ) ) ( after this ) ) . ) )	(ROOT (S (NP (JJ Other) (NNS patients)) (VP (MD may) (VP (VB require) (NP (RBR more) (JJ extended) (NN treatment)))) (. .)))	(ROOT (S (NP (DT No) (NNS patients)) (VP (VBP require) (NP (JJ additional) (NN treatment)) (PP (IN after) (NP (DT this)))) (. .)))	Other patients may require more extended treatment.	No patients require additional treatment after this.	contradiction	contradiction
311330	142749	142749c	travel	( ( ( The ( lowest level ) ) ( of ( the pool ) ) ) ( ( dates back ) ( to ( the ( eighth ( century b.c. ) ) ) ) ) )	( ( ( The ( deepest level ) ) ( of ( the pool ) ) ) ( is ( dated ( to ( 2018 A.D. ) ) ) ) )	(ROOT (S (NP (NP (DT The) (JJS lowest) (NN level)) (PP (IN of) (NP (DT the) (NN pool)))) (VP (VBZ dates) (PRT (RP back)) (PP (TO to) (NP (DT the) (JJ eighth) (NN century) (NN b.c.))))))	(ROOT (S (NP (NP (DT The) (JJS deepest) (NN level)) (PP (IN of) (NP (DT the) (NN pool)))) (VP (VBZ is) (VP (VBN dated) (PP (TO to) (NP (CD 2018) (NNS A.D.)))))))	The lowest level of the pool dates back to the eighth century b.c.	The deepest level of the pool is dated to 2018 A.D.	contradiction	contradiction
129524	43035	43035c	travel	( ( In 1909 ) ( ( Abdul Hamid ) ( was ( ( ( deposed and ) replaced ) ( by ( ( ( his brother ) , ) ( Mehmet V. ) ) ) ) ) ) )	( ( Mehmet V ) ( ( was ( ruler ( until ( ( Abdul Hamid ) ( stole ( the throne ) ) ) ) ) ) . ) )	(ROOT (S (PP (IN In) (NP (CD 1909))) (NP (NNP Abdul) (NNP Hamid)) (VP (VBD was) (VP (VBN deposed) (CC and) (VBN replaced) (PP (IN by) (NP (NP (PRP$ his) (NN brother)) (, ,) (NP (NNP Mehmet) (NNP V.))))))))	(ROOT (S (NP (NNP Mehmet) (NNP V)) (VP (VBD was) (VP (VBN ruler) (SBAR (IN until) (S (NP (NNP Abdul) (NNP Hamid)) (VP (VBD stole) (NP (DT the) (NN throne))))))) (. .)))	In 1909 Abdul Hamid was deposed and replaced by his brother, Mehmet V.	Mehmet V was ruler until Abdul Hamid stole the throne.	contradiction	contradiction
209956	9552	9552c	slate	( How ( ( ( should ( that money ) ) ( ( ( be used ) -- ) ( ( ( ( ( ( ( on ( ( more informal ) arrangements ) ) or ) ( on ( more ( day-care centers ) ) ) ) , ) ( on ( stiffer regulations ) ) ) or ) ( on ( ( other ( financial incentives ) ) ( to ( improve quality ) ) ) ) ) ) ) ? ) )	( ( The money ) ( ( ( should n't ) ( be used ) ) ? ) )	(ROOT (SBARQ (WHADVP (WRB How)) (SQ (MD should) (NP (DT that) (NN money)) (VP (VB be) (ADJP (JJ used)) (: --) (PP (PP (IN on) (NP (ADJP (RBR more) (JJ informal)) (NNS arrangements))) (CC or) (PP (IN on) (NP (JJR more) (NN day-care) (NNS centers))) (, ,) (PP (IN on) (NP (JJR stiffer) (NNS regulations))) (CC or) (PP (IN on) (NP (NP (JJ other) (JJ financial) (NNS incentives)) (SBAR (S (VP (TO to) (VP (VB improve) (NP (NN quality))))))))))) (. ?)))	(ROOT (S (NP (DT The) (NN money)) (VP (MD should) (RB n't) (VP (VB be) (VP (VBN used)))) (. ?)))	How should that money be used--on more informal arrangements or on more day-care centers, on stiffer regulations or on other financial incentives to improve quality?	The money shouldn't be used?	contradiction	contradiction
168806	63948	63948c	government	( ( In ( fiscal ( year 2000 ) ) ) ( , ( it ( ( ( ( ( provided ( health ( care assistance ) ) ) ( to ( an ( estimated ( ( 33 million ) persons ) ) ) ) ) , ) ( at ( ( a cost ) ( of ( about ( $ 118 ) ) ) ) ) ) . ) ) ) )	( ( ( Only ( 12 million ) ) people ) ( ( ( ( received ( health ( care assistance ) ) ) ( at ( ( the cost ) ( of ( about ( $ 118 ) ) ) ) ) ) ( in 2000 ) ) . ) )	(ROOT (S (PP (IN In) (NP (JJ fiscal) (NN year) (NNS 2000))) (, ,) (NP (PRP it)) (VP (VBD provided) (NP (NN health) (NN care) (NN assistance)) (PP (TO to) (NP (DT an) (JJ estimated) (QP (CD 33) (CD million)) (NNS persons))) (, ,) (PP (IN at) (NP (NP (DT a) (NN cost)) (PP (IN of) (NP (QP (RB about) ($ $) (CD 118))))))) (. .)))	(ROOT (S (NP (QP (RB Only) (CD 12) (CD million)) (NNS people)) (VP (VBD received) (NP (NN health) (NN care) (NN assistance)) (PP (IN at) (NP (NP (DT the) (NN cost)) (PP (IN of) (NP (QP (RB about) ($ $) (CD 118)))))) (PP (IN in) (NP (CD 2000)))) (. .)))	In fiscal year 2000, it provided health care assistance to an estimated 33 million persons, at a cost of about $118.	Only 12 million people received health care assistance at the cost of about $118 in 2000.	contradiction	contradiction
80236	88545	88545c	travel	( Japan ( ( ( ( is ( notoriously expensive ) ) , ) ( so ( ( do n't ) ( expect ( fabulous bargains ) ) ) ) ) . ) )	( Japan ( ( ( ( has ( bargains often ) ) and ) ( is inexpensive ) ) . ) )	(ROOT (S (NP (NNP Japan)) (VP (VBZ is) (ADJP (RB notoriously) (JJ expensive)) (, ,) (SBAR (IN so) (S (VP (VBP do) (RB n't) (VP (VB expect) (NP (JJ fabulous) (NNS bargains))))))) (. .)))	(ROOT (S (NP (NNP Japan)) (VP (VP (VBZ has) (NP (NP (NNS bargains)) (ADVP (RB often)))) (CC and) (VP (VBZ is) (ADJP (JJ inexpensive)))) (. .)))	Japan is notoriously expensive, so don't expect fabulous bargains.	Japan has bargains often and is inexpensive.	contradiction	contradiction
260403	19020	19020c	slate	( ( ( Only one ) ( general issue ) ) ( ( is ( curiously Afrocentrism ) ) . ) )	( Afrocentrism ( ( ( has never ) ( been ( ( an issue ) ( for anyone ) ) ) ) . ) )	(ROOT (S (NP (QP (RB Only) (CD one)) (JJ general) (NN issue)) (VP (VBZ is) (ADJP (RB curiously) (JJ Afrocentrism))) (. .)))	(ROOT (S (NP (NNP Afrocentrism)) (VP (VBZ has) (ADVP (RB never)) (VP (VBN been) (NP (NP (DT an) (NN issue)) (PP (IN for) (NP (NN anyone)))))) (. .)))	Only one general issue is curiously  Afrocentrism.	Afrocentrism has never been an issue for anyone.	contradiction	contradiction
208636	122330	122330c	telephone	( and ( most ( of ( ( ( them ( joined ( the ( Red Cross ) ) ) ) and ) ( it ( was ( ( done ( internally i ) ) ( just ( there ( was ( very ( little ( external ( i ( think ( possibly ( what ( uh ( they ( 're ( ( thinking ( about ( ( ( here more ) external ) ( Peace ( Corps ( type things ) ) ) ) ) ) ( where ( we ( 're ( ( sending people ) ( off shore ) ) ) ) ) ) ) ) ) ) ) ) ) ) ) ) ) ) ) ) ) ) ) ) ) )	( All ( of ( ( ( it ( is ( done external ) ) ) and ) ( people ( can ( stay ( at ( home ( for ( the ( Peace Corps ) ) ) ) ) ) ) ) ) ) )	(ROOT (PRN (CC and) (ADJP (JJS most) (PP (IN of) (S (S (NP (PRP them)) (VP (VBD joined) (NP (DT the) (NNP Red) (NNP Cross)))) (CC and) (S (NP (PRP it)) (VP (VBD was) (VP (VBN done) (NP (FW internally) (FW i)) (SBAR (RB just) (S (NP (EX there)) (VP (VBD was) (ADJP (RB very) (RB little) (JJ external) (SBAR (S (NP (FW i)) (VP (VBP think) (SBAR (ADVP (RB possibly)) (WHNP (WP what)) (S (INTJ (UH uh)) (NP (PRP they)) (VP (VBP 're) (VP (VBG thinking) (PP (IN about) (NP (ADJP (ADVP (RB here) (RBR more)) (JJ external)) (NNP Peace) (NNP Corps) (NN type) (NNS things))) (SBAR (WHADVP (WRB where)) (S (NP (PRP we)) (VP (VBP 're) (VP (VBG sending) (NP (NNS people)) (PP (IN off) (NP (NN shore))))))))))))))))))))))))))	(ROOT (FRAG (NP (DT All)) (PP (IN of) (S (S (NP (PRP it)) (VP (VBZ is) (VP (VBN done) (S (ADJP (JJ external)))))) (CC and) (S (NP (NNS people)) (VP (MD can) (VP (VB stay) (PP (IN at) (NP (NP (NN home)) (PP (IN for) (NP (DT the) (NNP Peace) (NNP Corps))))))))))))	and most of them joined the Red Cross and it was done internally i just there was very little external i think possibly what uh they're thinking about here more external Peace Corps type things where we're sending people off shore	All of it is done external and people can stay at home for the Peace Corps	contradiction	contradiction
98303	18977	18977c	fiction	( Now ( that ( ( thar ( I ( ( ai n't ) ( ( cottonin ' ) ( to none ) ) ) ) ) . ) ) )	( Now ( that ( ( tha ( that ( I ( am cottonin ) ) ) ) . ) ) )	(ROOT (S (ADVP (RB Now)) (NP (DT that)) (VP (VBP thar) (SBAR (S (NP (PRP I)) (VP (VBP ai) (RB n't) (ADJP (JJ cottonin) ('' ') (PP (TO to) (NP (NN none)))))))) (. .)))	(ROOT (S (ADVP (RB Now)) (NP (DT that)) (VP (VBP tha) (SBAR (IN that) (S (NP (PRP I)) (VP (VBP am) (ADJP (JJ cottonin)))))) (. .)))	Now that thar I ain't cottonin' to none.	Now that tha that I am cottonin.	contradiction	contradiction
273464	103927	103927c	travel	( It ( ( ( dates back ) ( over ( ( 1,000 years ) ( to ( when ( ( Indian merchants ) ( first ( ( brought ( their ( Hindu culture ) ) ) ( to ( the peninsula ) ) ) ) ) ) ) ) ) ) . ) )	( ( Indian merchants ) ( first ( ( ( ( brought ( their ( Hindu culture ) ) ) ( to ( the peninsula ) ) ) ( only ( in ( the ( past ( 200 years ) ) ) ) ) ) . ) ) )	(ROOT (S (NP (PRP It)) (VP (VBZ dates) (PRT (RP back)) (PP (IN over) (NP (NP (CD 1,000) (NNS years)) (PP (TO to) (SBAR (WHADVP (WRB when)) (S (NP (JJ Indian) (NNS merchants)) (ADVP (RB first)) (VP (VBD brought) (NP (PRP$ their) (NNP Hindu) (NN culture)) (PP (TO to) (NP (DT the) (NN peninsula)))))))))) (. .)))	(ROOT (S (NP (JJ Indian) (NNS merchants)) (ADVP (RB first)) (VP (VBD brought) (NP (PRP$ their) (NNP Hindu) (NN culture)) (PP (TO to) (NP (DT the) (NN peninsula))) (PP (ADVP (RB only)) (IN in) (NP (DT the) (JJ past) (CD 200) (NNS years)))) (. .)))	It dates back over 1,000 years to when Indian merchants first brought their Hindu culture to the peninsula.	Indian merchants first brought their Hindu culture to the peninsula only in the past 200 years. 	contradiction	contradiction
391235	50306	50306c	fiction	( ` ( ( Apparently ( you do ) ) ( , ( ' ( I ( countered . ) ) ) ) ) )	( I ( ( ( did n't ) ( think ( they ( were ( apparent ( about anything ) ) ) ) ) ) . ) )	(ROOT (S (`` `) (S (ADVP (RB Apparently)) (NP (PRP you)) (VP (VBP do))) (, ,) ('' ') (NP (PRP I)) (VP (VBD countered)) (. .)))	(ROOT (S (NP (PRP I)) (VP (VBD did) (RB n't) (VP (VB think) (SBAR (S (NP (PRP they)) (VP (VBD were) (ADJP (JJ apparent) (PP (IN about) (NP (NN anything))))))))) (. .)))	'Apparently you do,' I countered.	I didn't think they were apparent about anything. 	contradiction	contradiction
368322	111773	111773n	slate	( ( Likewise ( for ( TV stations ) ) ) ( , ( ( ( as long ) ( as ( ( one ( owner 's ) ) signals ) ) ) ( ( ( do not ) ( reach ( ( ( more ( than 35 ) ) percent ) ( of ( ( the ( nation 's ) ) households ) ) ) ) ) . ) ) ) )	( They ( ( are ( ( given ( special priveleges ) ) ( for ( reaching ( ( ( less ( than 35 ) ) % ) ( of homes ) ) ) ) ) ) . ) )	(ROOT (S (PP (ADVP (RB Likewise)) (IN for) (NP (NN TV) (NNS stations))) (, ,) (NP (NP (RB as) (JJ long)) (PP (IN as) (NP (NP (CD one) (NN owner) (POS 's)) (NNS signals)))) (VP (VBP do) (RB not) (VP (VB reach) (NP (NP (QP (JJR more) (IN than) (CD 35)) (NN percent)) (PP (IN of) (NP (NP (DT the) (NN nation) (POS 's)) (NNS households)))))) (. .)))	(ROOT (S (NP (PRP They)) (VP (VBP are) (VP (VBN given) (NP (JJ special) (NNS priveleges)) (PP (IN for) (S (VP (VBG reaching) (NP (NP (QP (JJR less) (IN than) (CD 35)) (NN %)) (PP (IN of) (NP (NNS homes))))))))) (. .)))	Likewise for TV stations, as long as one owner's signals do not reach more than 35 percent of the nation's households.	They are given special priveleges for reaching less than 35% of homes.	neutral	neutral
216763	13838	13838n	travel	( These ( ( are ( ( ( ( ( ( ( ( ( ( ( ( ( ( ( ( right views ) , ) ( right intentions ) ) , ) ( right speech ) ) , ) ( right conduct ) ) , ) ( right livelihood ) ) , ) ( right effort ) ) , ) ( right mindfulness ) ) , ) and ) ( right contemplation ) ) ) . ) )	( ( ( The principals ) ( of ( their ( religious views ) ) ) ) ( ( are ( are ( ( ( ( ( ( ( ( ( ( ( ( ( ( ( ( right views ) , ) ( right intentions ) ) , ) ( right speech ) ) , ) ( right conduct ) ) , ) ( right livelihood ) ) , ) ( right effort ) ) , ) ( right mindfulness ) ) , ) and ) ( right contemplation ) ) ) ) . ) )	(ROOT (S (NP (DT These)) (VP (VBP are) (NP (NP (JJ right) (NNS views)) (, ,) (NP (JJ right) (NNS intentions)) (, ,) (NP (JJ right) (NN speech)) (, ,) (NP (JJ right) (NN conduct)) (, ,) (NP (JJ right) (NN livelihood)) (, ,) (NP (JJ right) (NN effort)) (, ,) (NP (JJ right) (NNS mindfulness)) (, ,) (CC and) (NP (JJ right) (NN contemplation)))) (. .)))	(ROOT (S (NP (NP (DT The) (NNS principals)) (PP (IN of) (NP (PRP$ their) (JJ religious) (NNS views)))) (VP (VBP are) (VP (VBP are) (NP (NP (JJ right) (NNS views)) (, ,) (NP (JJ right) (NNS intentions)) (, ,) (NP (JJ right) (NN speech)) (, ,) (NP (JJ right) (NN conduct)) (, ,) (NP (JJ right) (NN livelihood)) (, ,) (NP (JJ right) (NN effort)) (, ,) (NP (JJ right) (NNS mindfulness)) (, ,) (CC and) (NP (JJ right) (NN contemplation))))) (. .)))	These are right views, right intentions, right speech, right conduct, right livelihood, right effort, right mindfulness, and right contemplation.	The principals of their religious views are  are right views, right intentions, right speech, right conduct, right livelihood, right effort, right mindfulness, and right contemplation.	neutral	neutral
302420	52501	52501n	slate	( ( ( The ( third installment ) ) ( in ( ( ( McCarthy 's ) trilogy ) ( about ( cowboys ( in ( the ( mid-20 ( th century ) ) ) ) ) ) ) ) ) ( ( seals ( his canonization ) ) . ) )	( McCarthy ( ( has ( ( a trilogy ) ( about dogs ) ) ) . ) )	(ROOT (S (NP (NP (DT The) (JJ third) (NN installment)) (PP (IN in) (NP (NP (NP (NNP McCarthy) (POS 's)) (NN trilogy)) (PP (IN about) (NP (NP (NNS cowboys)) (PP (IN in) (NP (DT the) (JJ mid-20) (NN th) (NN century)))))))) (VP (VBZ seals) (NP (PRP$ his) (NN canonization))) (. .)))	(ROOT (S (NP (NNP McCarthy)) (VP (VBZ has) (NP (NP (DT a) (NN trilogy)) (PP (IN about) (NP (NNS dogs))))) (. .)))	The third installment in McCarthy's trilogy about cowboys in the mid-20 th century seals his canonization.	McCarthy has a trilogy about dogs.	neutral	neutral
354182	138885	138885n	travel	( And ( ( as ( far ( as ( cricket ( is concerned ) ) ) ) ) ( , ( ( Caribbean players ) ( ( have ( ( ( ( ( turned ( the tables ) ) ( on ( their ( colonial mentors ) ) ) ) and ) now ) ( ( produce ( ( ( some ( of ( ( the ( best players ) ) ( in ( the world ) ) ) ) ) , ) ( easily capable ) ) ) ( of ( soundly ( outplaying ( the Brits ) ) ) ) ) ) ) . ) ) ) ) )	( ( Caribbean players ) ( really ( ( enjoy ( playing cricket ) ) . ) ) )	(ROOT (S (CC And) (ADVP (RB as) (RB far) (SBAR (IN as) (S (NP (NN cricket)) (VP (VBZ is) (ADJP (JJ concerned)))))) (, ,) (NP (NNP Caribbean) (NNS players)) (VP (VBP have) (VP (VP (VBN turned) (NP (DT the) (NNS tables)) (PP (IN on) (NP (PRP$ their) (JJ colonial) (NNS mentors)))) (CC and) (ADVP (RB now)) (VP (VB produce) (NP (NP (DT some)) (PP (IN of) (NP (NP (DT the) (JJS best) (NNS players)) (PP (IN in) (NP (DT the) (NN world))))) (, ,) (ADJP (RB easily) (JJ capable))) (PP (IN of) (S (ADVP (RB soundly)) (VP (VBG outplaying) (NP (DT the) (NNPS Brits)))))))) (. .)))	(ROOT (S (NP (NNP Caribbean) (NNS players)) (ADVP (RB really)) (VP (VBP enjoy) (S (VP (VBG playing) (NP (NN cricket))))) (. .)))	And as far as cricket is concerned, Caribbean players have turned the tables on their colonial mentors and now produce some of the best players in the world, easily capable of soundly outplaying the Brits.	Caribbean players really enjoy playing cricket.	neutral	neutral
28785	17870	17870n	fiction	( ( ( ( ( The voice ) ( ( flowed warmly ) ( into ( his mind ) ) ) ) and ) ( he smiled ) ) . )	( He ( ( smiled ( after ( ( ( the ( woman 's ) ) voice ) ( ( flowed warmly ) ( into ( his mind ) ) ) ) ) ) . ) )	(ROOT (S (S (NP (DT The) (NN voice)) (VP (VBD flowed) (ADVP (RB warmly)) (PP (IN into) (NP (PRP$ his) (NN mind))))) (CC and) (S (NP (PRP he)) (VP (VBD smiled))) (. .)))	(ROOT (S (NP (PRP He)) (VP (VBD smiled) (SBAR (IN after) (S (NP (NP (DT the) (NN woman) (POS 's)) (NN voice)) (VP (VBD flowed) (ADVP (RB warmly)) (PP (IN into) (NP (PRP$ his) (NN mind))))))) (. .)))	The voice flowed warmly into his mind and he smiled.	He smiled after the woman's voice flowed warmly into his mind.	neutral	neutral
388767	81552	81552n	travel	( ( ( The cost ) ( in ( human lives ) ) ) ( ( ( ( was terrible ) , ) ( with ( ( ( 250,000 dead ) and ) ( wounded ( on ( each side ) ) ) ) ) ) . ) )	( ( Beyond ( lives lost ) ) ( , ( families ( ( were ( ( ( traumatized and ) lost ) ( their ( ( incomes and ) homes ) ) ) ) . ) ) ) )	(ROOT (S (NP (NP (DT The) (NN cost)) (PP (IN in) (NP (JJ human) (NNS lives)))) (VP (VBD was) (ADJP (JJ terrible)) (, ,) (PP (IN with) (UCP (ADJP (NP (CD 250,000)) (JJ dead)) (CC and) (VP (VBN wounded) (PP (IN on) (NP (DT each) (NN side))))))) (. .)))	(ROOT (S (PP (IN Beyond) (NP (NP (NNS lives)) (VP (VBN lost)))) (, ,) (NP (NNS families)) (VP (VBD were) (VP (VBD traumatized) (CC and) (VBD lost) (NP (PRP$ their) (NNS incomes) (CC and) (NNS homes)))) (. .)))	The cost in human lives was terrible, with 250,000 dead and wounded on each side.	Beyond lives lost, families were traumatized and lost their incomes and homes.	neutral	neutral
188691	99538	99538n	slate	( ( ( ( The ( NFL 's ) ) ( current ( four-year contract ) ) ) ( for ( national ( TV broadcasts ) ) ) ) ( ( ( pays it ) ( about ( $ 2 ) ) ) . ) )	( ( The NFL ) ( ( has ( ( a contract ) ( with ( ( FOX and ) NBC ) ) ) ) . ) )	(ROOT (S (NP (NP (NP (DT The) (NNP NFL) (POS 's)) (JJ current) (JJ four-year) (NN contract)) (PP (IN for) (NP (JJ national) (NN TV) (NNS broadcasts)))) (VP (VBZ pays) (NP (PRP it)) (NP (QP (RB about) ($ $) (CD 2)))) (. .)))	(ROOT (S (NP (DT The) (NNP NFL)) (VP (VBZ has) (NP (NP (DT a) (NN contract)) (PP (IN with) (NP (NNP FOX) (CC and) (NNP NBC))))) (. .)))	The NFL's current four-year contract for national TV broadcasts pays it about $2.	The NFL has a contract with FOX and NBC.	neutral	neutral
49264	42325	42325n	fiction	( ( A ( young woman ) ) ( ( was ( struggling ( with ( an ( older man ) ) ) ) ) . ) )	( ( The man ) ( ( ( was stronger ) ( than ( the woman ) ) ) . ) )	(ROOT (S (NP (DT A) (JJ young) (NN woman)) (VP (VBD was) (VP (VBG struggling) (PP (IN with) (NP (DT an) (JJR older) (NN man))))) (. .)))	(ROOT (S (NP (DT The) (NN man)) (VP (VBD was) (ADJP (JJR stronger)) (PP (IN than) (NP (DT the) (NN woman)))) (. .)))	A young woman was struggling with an older man.	The man was stronger than the woman.	neutral	neutral
369812	111563	111563n	fiction	( He ( ( ( ( ( screamed and ) fell ) , ) ( ( his ( face ashen ) ) ( in shock ) ) ) . ) )	( ( When ( he ( saw ( the body ) ) ) ) ( , ( he ( ( ( screamed ( in horror ) ) ( as ( he ( fell backward ) ) ) ) . ) ) ) )	(ROOT (S (NP (PRP He)) (VP (VBD screamed) (CC and) (VBD fell) (, ,) (S (NP (NP (PRP$ his) (NN face) (NN ashen)) (PP (IN in) (NP (NN shock)))))) (. .)))	(ROOT (S (SBAR (WHADVP (WRB When)) (S (NP (PRP he)) (VP (VBD saw) (NP (DT the) (NN body))))) (, ,) (NP (PRP he)) (VP (VBD screamed) (PP (IN in) (NP (NN horror))) (SBAR (IN as) (S (NP (PRP he)) (VP (VBD fell) (ADVP (RB backward)))))) (. .)))	He screamed and fell, his face ashen in shock.	When he saw the body, he screamed in horror as he fell backward.	neutral	neutral
124302	86811	86811n	telephone	( and ( then ( ( ( i ( would ( ( do them ) ( like ( ( two times ) ( a day ) ) ) ) ) ) but ) ( i ( ( do n't ) ( do ( any ( ( of ( ( that kind ) ( of stuff ) ) ) ( anymore ( i ( think ( having ( ( children everything ) ( ( ( just kind ) ( of everything ) ) ( goes ( by ( the wayside ) ) ) ) ) ) ) ) ) ) ) ) ) ) ) ) )	( I ( ( quit ( ( having ( ( weed parties ) ( at ( my house ) ) ) ) ( ( a ( few years ) ) ago ) ) ) . ) )	(ROOT (FRAG (CC and) (NP (NP (RB then)) (SBAR (S (S (NP (FW i)) (VP (MD would) (VP (VB do) (NP (PRP them)) (PP (IN like) (NP (NP (QP (CD two) (NNS times))) (NP (DT a) (NN day))))))) (CC but) (S (NP (FW i)) (VP (VBP do) (RB n't) (VP (VB do) (NP (NP (DT any)) (SBAR (WHPP (IN of) (WHNP (WHNP (WDT that) (NN kind)) (PP (IN of) (NP (NN stuff))))) (S (ADVP (RB anymore)) (NP (FW i)) (VP (VBP think) (S (VP (VBG having) (NP (NP (NNS children) (NN everything)) (SBAR (S (NP (NP (RB just) (NN kind)) (PP (IN of) (NP (NN everything)))) (VP (VBZ goes) (PP (IN by) (NP (DT the) (NN wayside)))))))))))))))))))))	(ROOT (S (NP (PRP I)) (VP (VBD quit) (S (VP (VBG having) (NP (NP (NN weed) (NNS parties)) (PP (IN at) (NP (PRP$ my) (NN house)))) (ADVP (NP (DT a) (JJ few) (NNS years)) (RB ago))))) (. .)))	and then i would do them like two times a day but i don't do any of that kind of stuff anymore i think having children everything just kind of everything goes by the wayside	I quit having weed parties at my house a few years ago.	neutral	neutral
384863	77490	77490n	telephone	( if ( it ( rains ( ( if ( it ( ( ( rains ( any more ) ) and ) ( ( gets ( really hot ) ) then ) ) ) ) ( we ( have ( ( this problem ) ( with mosquitoes ) ) ) ) ) ) ) )	( ( If ( it ( rains ( a lot ) ) ) ) ( , ( we ( ( get ( ( a lot ) ( of ( mosquitoes ( in ( the grass ) ) ) ) ) ) . ) ) ) )	(ROOT (SBAR (IN if) (S (NP (PRP it)) (VP (VBD rains) (SBAR (S (SBAR (IN if) (S (NP (PRP it)) (VP (VP (VBD rains) (ADVP (DT any) (RBR more))) (CC and) (VP (VBZ gets) (ADJP (RB really) (JJ hot)) (NP (RB then)))))) (NP (PRP we)) (VP (VBP have) (NP (NP (DT this) (NN problem)) (PP (IN with) (NP (NNS mosquitoes)))))))))))	(ROOT (S (SBAR (IN If) (S (NP (PRP it)) (VP (VBZ rains) (NP (DT a) (NN lot))))) (, ,) (NP (PRP we)) (VP (VBP get) (NP (NP (DT a) (NN lot)) (PP (IN of) (NP (NP (NNS mosquitoes)) (PP (IN in) (NP (DT the) (NN grass))))))) (. .)))	if it rains if it rains any more and gets really hot then we have this problem with mosquitoes	If it rains a lot, we get a lot of mosquitoes in the grass.	neutral	neutral
338669	14110	14110n	fiction	( ( The ( big wardrobe ) ) ( ( ( ( loomed up ) ( in ( a ( sinister fashion ) ) ) ) ( before ( her eyes ) ) ) . ) )	( ( The wardrobe ) ( ( is ( full ( of clothes ) ) ) . ) )	(ROOT (S (NP (DT The) (JJ big) (NN wardrobe)) (VP (VBD loomed) (PRT (RP up)) (PP (IN in) (NP (DT a) (JJ sinister) (NN fashion))) (PP (IN before) (NP (PRP$ her) (NNS eyes)))) (. .)))	(ROOT (S (NP (DT The) (NN wardrobe)) (VP (VBZ is) (ADJP (JJ full) (PP (IN of) (NP (NNS clothes))))) (. .)))	The big wardrobe loomed up in a sinister fashion before her eyes.	The wardrobe is full of clothes.	neutral	neutral
6911	86285	86285n	government	( ( ( Gentilello and ) ( colleagues ( at ( ( the ( Harborview ( Medical Center ) ) ) ( in ( Seattle ( , ( Washington , ) ) ) ) ) ) ) ) ( ( ( conducted ( a ( randomized ( controlled trial ) ) ) ) ( in ( a ( Level ( I ( trauma center ) ) ) ) ) ) . ) )	( Gentilello ( ( had ( ( ( 6 doctors ) ( in ( his team ) ) ) ( who ( regularly ( conduct ( trials ( in ( Seattle ( medical centers ) ) ) ) ) ) ) ) ) . ) )	(ROOT (S (NP (NP (NNP Gentilello)) (CC and) (NP (NP (NNS colleagues)) (PP (IN at) (NP (NP (DT the) (NNP Harborview) (NNP Medical) (NNP Center)) (PP (IN in) (NP (NNP Seattle) (, ,) (NNP Washington) (, ,))))))) (VP (VBD conducted) (NP (DT a) (JJ randomized) (JJ controlled) (NN trial)) (PP (IN in) (NP (DT a) (NNP Level) (NN I) (NN trauma) (NN center)))) (. .)))	(ROOT (S (NP (NNP Gentilello)) (VP (VBD had) (NP (NP (CD 6) (NNS doctors)) (PP (IN in) (NP (PRP$ his) (NN team))) (SBAR (WHNP (WP who)) (S (ADVP (RB regularly)) (VP (VBP conduct) (NP (NP (NNS trials)) (PP (IN in) (NP (NNP Seattle) (JJ medical) (NNS centers))))))))) (. .)))	Gentilello and colleagues at the Harborview Medical Center in Seattle, Washington, conducted a randomized controlled trial in a Level I trauma center.	Gentilello had 6 doctors in his team who regularly conduct trials in Seattle medical centers. 	neutral	neutral
153001	115721	115721n	government	( ( In ( making ( this judgment ) ) ) ( , ( ( the auditor ) ( ( should ( ( take ( into account ) ) ( ( the uncertainty ) ( of ( ( ( estimates and ) assumptions ) ( made ( in ( using ( a ( cost model ) ) ) ) ) ) ) ) ) ) . ) ) ) )	( It ( ( ( ( is not ) ( necessary ( for auditors ) ) ) ( to ( interview ( ( the people ) ( responsible ( for estimates ) ) ) ) ) ) . ) )	(ROOT (S (PP (IN In) (S (VP (VBG making) (NP (DT this) (NN judgment))))) (, ,) (NP (DT the) (NN auditor)) (VP (MD should) (VP (VB take) (PP (IN into) (NP (NN account))) (NP (NP (DT the) (NN uncertainty)) (PP (IN of) (NP (NP (NNS estimates) (CC and) (NNS assumptions)) (VP (VBN made) (PP (IN in) (S (VP (VBG using) (NP (DT a) (NN cost) (NN model))))))))))) (. .)))	(ROOT (S (NP (PRP It)) (VP (VBZ is) (RB not) (ADJP (JJ necessary) (PP (IN for) (NP (NNS auditors)))) (S (VP (TO to) (VP (VB interview) (S (NP (DT the) (NNS people)) (ADJP (JJ responsible) (PP (IN for) (NP (NNS estimates))))))))) (. .)))	In making this judgment, the auditor should take into account the uncertainty of estimates and assumptions made in using a cost model.	It is not necessary for auditors to interview the people responsible for estimates.	neutral	neutral
204212	143047	143047n	travel	( ( Amid ( this ( wild beauty ) ) ) ( , ( ( enhanced ( by ( ( spectacular outcrops ) ( of ( limestone rock ) ) ) ) ) ( , ( ( are ( ( the ( tell-tale scars ) ) ( of ( ( the ( tin mines ) ) ( of ( the ( Kinta Valley ) ) ) ) ) ) ) . ) ) ) ) )	( ( Besides ( being ( ruined ( by ( tin mining ) ) ) ) ) ( , ( it ( ( ( is also ) ( ruined ( by ( some deforestation ) ) ) ) . ) ) ) )	(ROOT (S (PP (IN Amid) (NP (DT this) (JJ wild) (NN beauty))) (, ,) (S (VP (VBN enhanced) (PP (IN by) (NP (NP (JJ spectacular) (NNS outcrops)) (PP (IN of) (NP (JJ limestone) (NN rock))))))) (, ,) (VP (VBP are) (NP (NP (DT the) (NN tell-tale) (NNS scars)) (PP (IN of) (NP (NP (DT the) (NN tin) (NNS mines)) (PP (IN of) (NP (DT the) (NNP Kinta) (NNP Valley))))))) (. .)))	(ROOT (S (PP (IN Besides) (S (VP (VBG being) (VP (VBN ruined) (PP (IN by) (NP (NN tin) (NN mining))))))) (, ,) (NP (PRP it)) (VP (VBZ is) (ADVP (RB also)) (VP (VBN ruined) (PP (IN by) (NP (DT some) (NN deforestation))))) (. .)))	Amid this wild beauty, enhanced by spectacular outcrops of limestone rock, are the tell-tale scars of the tin mines of the Kinta Valley.	Besides being ruined by tin mining, it is also ruined by some deforestation.	neutral	neutral
190485	67493	67493n	fiction	( I ( ( ( ( was n't ) even ) ( a ( construction engineer ) ) ) . ) )	( We ( ( need ( to ( hire ( a ( construction engineer ) ) ) ) ) . ) )	(ROOT (S (NP (PRP I)) (VP (VBD was) (RB n't) (ADVP (RB even)) (NP (DT a) (NN construction) (NN engineer))) (. .)))	(ROOT (S (NP (PRP We)) (VP (VBP need) (S (VP (TO to) (VP (VB hire) (NP (DT a) (NN construction) (NN engineer)))))) (. .)))	I wasn't even a construction engineer.	We need to hire a construction engineer.	neutral	neutral
